window,merchant_id,model,MAPE,sMAPE,MAE,RMSE,MASE
2022,M001,Naive,26.51648567773413,23.08088797684451,20696.387499999997,21655.10038867845,1.2502386766823361
2022,M001,Seasonal Naive,22.48592151867296,19.94836063996189,17898.066666666666,19217.78892640184,1.0811961838511945
2022,M001,SMA(3),20.900998010520592,18.59709801756223,16209.864166666652,17417.307874507154,0.9792143254436909
2022,M001,"WMA(1,2,3)",21.527361838612038,19.108473710433348,16710.30083333334,17883.989242730113,1.0094449768506901
2022,M001,SES,22.856598288022354,20.184181896791106,17772.301268418578,18880.085001636464,1.073598879003761
2022,M001,Holt,7.9307133451354535,7.631032288300318,6256.9200297905345,7843.716615954315,0.3779714415451741
2022,M001,Holt-Winters,9.971360305170517,9.556396441583896,7906.324128024066,9459.499677573005,0.47760954491417573
2022,M002,Naive,10.03386110741753,9.459109165196061,9773.276666666667,11135.499715988652,0.7983716609092761
2022,M002,Seasonal Naive,11.757795379284541,11.71137331880226,11913.112500000001,13909.327567477576,0.9731732496290796
2022,M002,SMA(3),9.15020591779548,8.721064408429903,8971.94333333333,10239.733150402404,0.7329113402721542
2022,M002,"WMA(1,2,3)",8.251904489108746,7.961685142483294,8160.758333333335,9505.90532138751,0.6666462443536559
2022,M002,SES,7.388263243279942,7.3403589057487215,7510.9471472327095,8842.194724740179,0.613563654591923
2022,M002,Holt,7.230590656777343,7.329532357590142,7498.005195105267,8867.36977127552,0.612506436202656
2022,M002,Holt-Winters,8.523154894181655,9.04445002887278,8927.117880811187,11531.37590946889,0.7292495825831314
2022,M003,Naive,23.77033471585081,20.702359956353344,37950.91416666665,41805.48663241055,2.253958871537188
2022,M003,Seasonal Naive,14.572800787650372,15.114981483812064,25733.698333333334,29475.487808237092,1.5283610139442654
2022,M003,SMA(3),11.99493358564219,11.500150807803818,19915.768055555567,22311.637058285873,1.1828258443303576
2022,M003,"WMA(1,2,3)",14.609038785113041,13.541661193676546,23684.80916666666,26373.147365813355,1.4066745667160454
2022,M003,SES,10.101418892023974,10.081872852175623,17425.999897152215,20532.94056561424,1.0349549655404844
2022,M003,Holt,10.072315648858863,10.053056448413171,17384.008694871325,20706.339693901104,1.032461048200526
2022,M003,Holt-Winters,13.5863197677844,13.051940873525847,22932.90755702469,25686.221876200132,1.362018058676928
2022,M004,Naive,21.63357541545231,18.992549980503938,20090.17833333333,22313.73097660384,1.056297187197746
2022,M004,Seasonal Naive,18.98901442090261,16.952998371632923,17842.620000000003,19681.85176067664,0.9381255360470047
2022,M004,SMA(3),19.71756042169336,17.476350075489126,18298.975555555557,20645.864663357457,0.9621197028332492
2022,M004,"WMA(1,2,3)",20.431600498957895,18.045016468122473,18966.50194444445,21257.320812582628,0.9972167654508421
2022,M004,SES,19.93723903406289,17.651766499823626,18504.343959235266,20832.613846954006,0.9729175197339703
2022,M004,Holt,13.154495968216276,12.164823692053627,12314.069988159265,14855.955941680742,0.6474465918437001
2022,M004,Holt-Winters,10.461120763408099,10.345817157695613,10396.791654534607,13916.93450913937,0.5466403333187223
2022,M005,Naive,5.807977733334189,5.676133159003589,2224.366666666667,2869.5492598170654,0.3256661647295603
2022,M005,Seasonal Naive,21.607847546514645,18.842488762823262,8349.991666666667,9717.136334299661,1.2225096708907954
2022,M005,SMA(3),12.259579554927972,11.350124525180384,4625.0900000000065,5204.454758773175,0.677152442715849
2022,M005,"WMA(1,2,3)",9.179412883952535,8.631551038178962,3452.2177777777815,4090.280466507703,0.505433991772982
2022,M005,SES,16.546189562406347,15.008106695762782,6268.600288700461,6868.300515521446,0.9177763022779637
2022,M005,Holt,9.873760633165029,9.288695054495005,3758.772659495438,4250.285563668907,0.5503162290876243
2022,M005,Holt-Winters,11.211185564099498,11.978685164554285,4507.081074324086,5124.110583905968,0.6598749341087252
2022,M006,Naive,10.567612402682048,10.901799243722966,20892.863333333335,25944.61472306183,0.7133413481715011
2022,M006,Seasonal Naive,12.577715412636378,13.985557130605015,26017.035,34425.145133044345,0.8882950376990834
2022,M006,SMA(3),10.787505917762418,11.556572216161674,22076.09499999999,29143.12028938686,0.753740218294419
2022,M006,"WMA(1,2,3)",10.73260376032799,11.487224986995624,21953.18333333333,29014.800585596826,0.749543666935845
2022,M006,SES,10.696765458237106,11.442003709836023,21872.950685904954,28931.857457907336,0.7468042978043475
2022,M006,Holt,10.474555079361918,10.448977600301516,20014.200936107834,22990.263195228697,0.6833413329019598
2022,M006,Holt-Winters,10.444831838660297,10.094784728098565,19388.777748461736,23196.963086221756,0.6619876193043891
2022,M007,Naive,12.19333986659888,13.441789793313493,18928.454999999998,25729.047919016226,1.6414556150407356
2022,M007,Seasonal Naive,12.241930991145805,13.353220162018417,18727.708333333332,25515.421029402987,1.6240470762455348
2022,M007,SMA(3),11.251467547762717,12.104424602333609,17204.983333333334,23254.929699249435,1.491997973378296
2022,M007,"WMA(1,2,3)",11.749077799334861,12.8656349398276,18194.055833333336,24871.211241137986,1.5777692953804023
2022,M007,SES,11.784067606738706,12.910800855873747,18251.8966603872,24936.706026016767,1.582785190779481
2022,M007,Holt,10.151751183170031,10.796315761093604,15463.421152863622,20866.951507403275,1.340971541475925
2022,M007,Holt-Winters,12.270803363165294,13.388499501505965,18742.825320580694,24835.4849349714,1.6253580054048182
2022,M008,Naive,9.219718231253763,9.161701874382961,5252.551666666666,6844.848752856657,0.6747767547207946
2022,M008,Seasonal Naive,8.593159006756125,8.853925795657872,5067.8933333333325,7173.492473678122,0.6510543510575304
2022,M008,SMA(3),9.224909979109478,9.32059735564887,5342.326111111111,6917.003787638514,0.6863097604146782
2022,M008,"WMA(1,2,3)",9.203119842483254,9.272073697290608,5314.997777777776,6895.262511355571,0.6827989859856285
2022,M008,SES,9.22068651207158,9.311184268870486,5337.0292046706445,6912.491259380275,0.6856292855588781
2022,M008,Holt,9.466416170945907,9.463475601471846,5424.065030289305,7005.0295554916365,0.6968104705680824
2022,M008,Holt-Winters,60.48135705843468,90.04858837010339,34177.92594613871,35160.45811838974,4.39071739158329
2022,M009,Naive,19.53772849063008,17.60721963788603,12696.801666666672,13910.839776780196,1.3515064488596502
2022,M009,Seasonal Naive,14.049443231175532,15.32885718737727,10251.996666666668,12212.059965961926,1.091270067253496
2022,M009,SMA(3),11.343851853596137,11.392803828117405,8031.565555555553,10714.041326564822,0.8549170828799824
2022,M009,"WMA(1,2,3)",12.90392731106588,12.450467489867323,8784.486666666675,10903.31582909912,0.9350614975021887
2022,M009,SES,11.311111982268706,11.29100539823742,7961.124112669529,10690.685640711828,0.847418969037866
2022,M009,Holt,17.249305537046798,15.97314596795331,11465.239522752076,12646.69707392459,1.2204132630818676
2022,M009,Holt-Winters,12.455286933946901,12.395774937319693,8598.940888998115,9626.188968234452,0.9153111444872178
2022,M010,Naive,15.194288856375474,16.746003016507782,31999.510833333337,36213.17751117644,0.9938293383630151
2022,M010,Seasonal Naive,12.987189935269889,14.323752205274678,26682.545,32236.264886631427,0.8286969191906566
2022,M010,SMA(3),6.762164971550616,6.956945573636314,14158.83416666666,18165.91989853229,0.4397399968124506
2022,M010,"WMA(1,2,3)",7.2321021849339235,7.54921803268981,15316.964166666665,19682.798301345305,0.4757087832615048
2022,M010,SES,8.155473745078538,8.64790931768239,17419.533769592927,22314.404088512794,0.5410096363971002
2022,M010,Holt,7.300292479700092,7.048450999040774,14426.203394778973,16973.54650158754,0.4480438544700712
2022,M010,Holt-Winters,9.227065919002557,9.228469018228552,19113.263154796823,23267.589207692847,0.593612876585064
2022,M011,Naive,7.646310077837285,7.269825800375241,11122.294166666668,13606.407721617474,0.645091258636599
2022,M011,Seasonal Naive,8.149764898693528,8.251108421861716,12305.671666666662,14219.082737628796,0.7137269617998082
2022,M011,SMA(3),5.918636324584694,5.815162621786346,8824.003055555551,10964.857008858773,0.5117907467670848
2022,M011,"WMA(1,2,3)",6.171748299797048,6.000234481821036,9111.038333333336,11392.09939580022,0.5284387463470375
2022,M011,SES,5.738646556347158,5.752663435089508,8727.6775,10859.032542354695,0.506203880160155
2022,M011,Holt,5.6161810466537805,5.781492849148751,8769.864004271221,11787.390880148561,0.5086506905690508
2022,M011,Holt-Winters,9.669060647493408,10.14800776571933,14838.092338711473,15920.062267257832,0.8606069502488396
2022,M012,Naive,7.626400296629006,7.6858730305519,11895.981666666668,14661.168546065259,0.7404259322922515
2022,M012,Seasonal Naive,13.393849124568385,14.760852162139262,21593.033333333333,25857.76253011527,1.3439867582891922
2022,M012,SMA(3),8.791551836639073,9.217307697491737,14171.982222222214,17629.80295646865,0.8820880397555614
2022,M012,"WMA(1,2,3)",8.603662059399221,8.995568955815125,13847.637500000006,17292.72073068054,0.8619002780336031
2022,M012,SES,9.345767150029076,9.85629114216463,15100.240782597737,18484.75025088716,0.9398644157817777
2022,M012,Holt,7.180069121972416,6.908831797719496,10724.365196247983,13100.184377876494,0.667502550119472
2022,M012,Holt-Winters,8.215106614521481,8.314107807634374,12544.817273086575,16726.6962230762,0.7808105531036656
2022,M013,Naive,7.651390154952396,7.845994929714377,4846.49,5710.163277467058,0.6816194772130264
2022,M013,Seasonal Naive,12.522670911916775,13.092578348881043,7919.551666666666,8954.50141086314,1.1138206551122327
2022,M013,SMA(3),9.23322330845075,9.745781474640145,5967.0383333333375,6969.455863894817,0.8392155042673684
2022,M013,"WMA(1,2,3)",8.808883787315073,9.230645927967853,5667.041666666667,6583.730790830784,0.7970234083177251
2022,M013,SES,8.524970110364674,8.888664266824458,5466.322307606628,6344.268885551118,0.7687938598013684
2022,M013,Holt,6.985016981819367,7.082083725381535,4380.1200030591845,4968.706947567788,0.6160283228925513
2022,M013,Holt-Winters,11.258528264207056,12.082866738071045,7196.6380828897045,9234.930975083484,1.0121487277907593
2022,M014,Naive,8.130995162692113,7.825013166719111,9377.640833333333,10860.71618923333,1.1609942534072037
2022,M014,Seasonal Naive,9.436111151891685,9.973842751690764,11494.475000000004,12900.068413996238,1.4230678758240747
2022,M014,SMA(3),7.150665517315441,7.155257180573829,8561.770277777778,10066.198823716511,1.0599857968711852
2022,M014,"WMA(1,2,3)",7.208775685908144,7.195890157352417,8610.131944444442,10048.765247223579,1.0659731894449775
2022,M014,SES,7.515065012464155,7.816548999844946,9325.61242534641,11527.24409823134,1.1545529017111533
2022,M014,Holt,6.401423377554647,6.411540805450841,7678.9950350395275,9045.460146917985,0.9506942381428741
2022,M014,Holt-Winters,5.504585892915398,5.593639202777167,6705.237999461634,7745.929033511614,0.8301387228898
2022,M015,Naive,12.901846855095103,12.107654850153905,14504.250000000005,16406.768277159787,0.8679627537654435
2022,M015,Seasonal Naive,11.713970769713706,11.702025531251216,13822.063333333334,19315.744574640397,0.8271393662905949
2022,M015,SMA(3),11.162100971874066,10.640209094910562,12662.727777777778,14859.09012109815,0.7577624539140025
2022,M015,"WMA(1,2,3)",11.209302956422361,10.68049039540832,12712.691111111117,14896.443801101494,0.7607523577275266
2022,M015,SES,8.544835703765315,8.517451520100579,10088.508504287649,12962.097668898448,0.6037161261538928
2022,M015,Holt,11.251816134680471,10.72029473033222,12764.922037398754,14830.867616069381,0.7638779587487677
2022,M015,Holt-Winters,10.637772643223169,10.353056013956953,12277.592955822509,14433.332935888913,0.7347152311596196
2022,M016,Naive,20.748050441029882,18.472465153621854,24948.275833333337,26814.899117924633,1.3881288144593116
2022,M016,Seasonal Naive,13.683407493593554,13.255437515661605,17082.575,19931.4175644889,0.9504790928669963
2022,M016,SMA(3),9.648034638484505,9.237295923807299,11810.854722222199,13831.30152797861,0.6571591509103067
2022,M016,"WMA(1,2,3)",11.76411025267894,11.05389257780583,14259.169166666652,15990.710392521898,0.7933840287292965
2022,M016,SES,9.654619155876453,9.24303208737845,11818.473055391516,13837.031838120703,0.6575830370281743
2022,M016,Holt,14.94867044820409,13.66729857750723,17915.12381338985,19938.94187668253,0.9968023340012093
2022,M016,Holt-Winters,7.263886644225617,7.195688286903962,9204.0510871591,12273.472381535097,0.5121158916629648
2022,M017,Naive,39.015028554644545,32.045958749001045,7512.776666666668,7788.19331367252,2.6728733946673175
2022,M017,Seasonal Naive,15.743416469426668,14.522169525926628,3070.3899999999994,3564.343941760764,1.092374245419148
2022,M017,SMA(3),14.761806109029052,13.273530347793603,2732.0255555555545,3301.0036883381717,0.9719919471845037
2022,M017,"WMA(1,2,3)",20.73189606630882,18.209645424385133,3893.2616666666677,4401.321194034621,1.3851330858113453
2022,M017,SES,28.578481333619983,24.41804536875528,5446.651551683959,5820.666196698065,1.9377935307344663
2022,M017,Holt,16.259747162620318,14.468545996982488,3008.3638182768955,3644.298083482963,1.070306754495843
2022,M017,Holt-Winters,12.702633275125697,11.84973117726329,2450.344196222706,2988.0169758981037,0.8717761888118343
2022,M018,Naive,17.919260795162657,16.261891538673016,17758.350833333334,18793.899439989167,1.8152675349048941
2022,M018,Seasonal Naive,13.760332719523813,13.479986167034824,13824.63666666667,15534.32177240717,1.4131612985002213
2022,M018,SMA(3),10.267184127665772,9.656403884197717,10110.233611111102,11233.051444407622,1.0334731539431663
2022,M018,"WMA(1,2,3)",10.360656744859892,9.73929492288141,10202.469722222226,11325.819473295549,1.0429015755132383
2022,M018,SES,8.255393534061167,7.888370031602511,8168.57940445578,9007.4139973521,0.8349962864439034
2022,M018,Holt,10.861670719034894,10.202929190768943,10729.082164568608,11829.31544888633,1.096732163670896
2022,M018,Holt-Winters,10.4209792402081,10.668066246131197,10585.382655115656,12183.87933903518,1.082043127693407
2022,M019,Naive,9.594746612310926,9.734687498674532,8128.965833333331,9447.35605245589,0.7260240000958628
2022,M019,Seasonal Naive,11.772360630805236,10.93954992654628,9382.757499999998,11966.039728477072,0.8380041535106453
2022,M019,SMA(3),9.934258381539829,9.249120539604876,7741.205833333333,9769.526677498674,0.6913919113346125
2022,M019,"WMA(1,2,3)",9.67857927852211,9.167753280743968,7665.099166666667,9236.812027360504,0.6845945809361113
2022,M019,SES,10.241709186518042,9.436889505198508,7912.319218113342,10240.349078353694,0.706674596320014
2022,M019,Holt,10.17725607449683,9.469181746741464,7937.849821355041,9927.363240341336,0.7089548163468212
2022,M019,Holt-Winters,12.784678279607887,12.537410505970545,10712.038090801872,12389.56109468946,0.9567264647579578
2022,M020,Naive,11.544056210613196,12.59071167671805,4429.7649999999985,5474.927258028182,1.035149231220713
2022,M020,Seasonal Naive,13.70042622591641,15.241232394424683,5140.866666666666,6359.171410649084,1.201319748972731
2022,M020,SMA(3),9.85641269514332,10.666252932208666,3805.3566666666648,4899.658784452919,0.8892372457727699
2022,M020,"WMA(1,2,3)",10.577557896659357,11.483504450311056,4072.1719444444425,5139.991970413365,0.9515867450508597
2022,M020,SES,11.753568767953016,12.83254669721047,4507.282192192413,5549.243162977751,1.0532634792461424
2022,M020,Holt,6.674773918690745,6.855147573279129,2510.953456087748,3149.8680403153376,0.5867605933272363
2022,M020,Holt-Winters,10.18914656970229,10.90147931467309,3834.831234176918,4957.844378889149,0.8961248743261585
2022,M021,Naive,12.556273541979799,11.621319239330907,17849.875000000004,21187.188270881616,1.1696113193832274
2022,M021,Seasonal Naive,14.533658552674861,15.983084402238049,22511.3025,27619.06708012314,1.4750509019284415
2022,M021,SMA(3),9.207153133649006,9.545244078344158,14455.399444444442,18116.33235487326,0.9471886394962559
2022,M021,"WMA(1,2,3)",9.11946389526193,9.09958459682853,13796.788333333332,16858.64499692154,0.9040332106415935
2022,M021,SES,9.122878216886225,9.359928284884694,14183.427977442983,17580.02418693841,0.92936773563255
2022,M021,Holt,9.088465119381258,8.561052254116857,12958.469003779881,16248.02889735229,0.8491024182913124
2022,M021,Holt-Winters,10.708807606689017,11.029033477925905,16284.533341511376,19085.736991406367,1.0670424597990336
2022,M022,Naive,10.183917538869652,10.179880648098438,11097.529999999999,12321.113853189168,0.955656358757465
2022,M022,Seasonal Naive,12.393779929265293,12.64405687375725,13601.359166666669,17291.384845290493,1.1712719294626046
2022,M022,SMA(3),10.345589698138486,10.179585442330032,11097.529999999999,12277.533795462661,0.955656358757465
2022,M022,"WMA(1,2,3)",10.352544502892481,10.17954488728255,11097.53,12281.034370771664,0.9556563587574652
2022,M022,SES,10.051821290884378,10.179172534302745,11097.529999999999,12532.210499697383,0.955656358757465
2022,M022,Holt,11.01410722219754,10.568890314458928,11539.250057607183,12604.283437808594,0.9936947854923349
2022,M022,Holt-Winters,11.779053429855692,11.745277946148619,12778.499480920544,15178.337771702476,1.10041191907755
2022,M023,Naive,9.735750552698958,9.082090385209362,13903.395000000002,17111.009198393298,0.8040356783225783
2022,M023,Seasonal Naive,12.385126396247985,12.810907196877414,19324.075833333336,22200.272818725865,1.1175145653713432
2022,M023,SMA(3),7.7572238771709765,7.823800574975345,11887.223888888895,15779.01706543958,0.6874401628433298
2022,M023,"WMA(1,2,3)",7.751388891519216,7.719040315829385,11730.25666666667,15286.783681279512,0.6783627219021886
2022,M023,SES,7.819016957765617,7.903882383417933,12006.5865339555,15892.51106253223,0.6943429247437509
2022,M023,Holt,8.727995768235717,8.062018132267065,12274.467400164927,16481.939755136867,0.7098345204275631
2022,M023,Holt-Winters,10.358199219984373,10.039789881851526,15481.509980991375,17720.787207263435,0.8952983338978835
2022,M024,Naive,11.792387083762916,10.95415595099759,12453.299166666664,13963.727433526059,0.823168364116393
2022,M024,Seasonal Naive,8.225463433884519,7.939175574063261,8871.506666666666,12508.97948238784,0.5864103585975584
2022,M024,SMA(3),6.2516448503656505,6.473305565323181,6984.163611111108,8230.496807505842,0.46165618102776423
2022,M024,"WMA(1,2,3)",4.779138118167487,4.781753766174175,5202.535833333334,6358.5508639095615,0.34388982821876724
2022,M024,SES,4.991131540965954,4.9456283913268475,5381.141571849821,6326.05976619961,0.35569574339263116
2022,M024,Holt,6.191063954538012,6.457621293238837,6954.482655815319,9107.751090652519,0.459694257276535
2022,M024,Holt-Winters,6.962227689470739,6.713461750364029,7557.8586458103555,9289.637284479111,0.49957766648272917
2022,M025,Naive,6.769116912152241,6.433357371186537,10609.675833333336,13169.32096176154,0.5686487725016064
2022,M025,Seasonal Naive,14.612905465003568,14.735496884038632,23885.507500000007,26310.675163728858,1.2801959959775315
2022,M025,SMA(3),6.40250934264896,6.128549706299839,10082.622500000003,12075.615308428736,0.5404001967910026
2022,M025,"WMA(1,2,3)",7.730110294451492,7.302599358820122,12127.35222222221,14808.936934679836,0.6499919567000234
2022,M025,SES,5.648832196538971,5.492174293052849,8999.098630995795,10235.440808937476,0.48232636609490914
2022,M025,Holt,15.694056463809217,14.212290097417176,24879.047852758198,28423.74376367968,1.3334469633870847
2022,M025,Holt-Winters,13.71852495683021,13.083528761411126,22036.58404116456,25072.996855385827,1.181098900851122
2022,M026,Naive,10.169578433865162,11.24935093092132,17861.755833333333,28026.792352457585,0.9066308161404689
2022,M026,Seasonal Naive,17.736526590728193,20.01889964222401,29086.353333333333,35541.83812991106,1.4763713325393057
2022,M026,SMA(3),8.244906746588459,8.559826352871225,13943.018055555554,23324.786974435647,0.7077226873507514
2022,M026,"WMA(1,2,3)",8.419954390559042,9.010942648906834,14631.744444444448,24410.090306889204,0.7426812084436516
2022,M026,SES,9.398233638178251,10.316697124428293,16538.046929453023,26718.80433357072,0.8394417169804763
2022,M026,Holt,9.435206138866919,9.558042106050594,15458.308957875577,21671.40579778815,0.7846361464910252
2022,M026,Holt-Winters,12.295565306174312,13.495945262329577,20831.910495739143,28338.994061254558,1.0573905606340688
2022,M027,Naive,17.446998010828327,15.478696319814963,15749.467500000004,18542.124789720703,0.9950607515658392
2022,M027,Seasonal Naive,14.376619577406865,13.036908583775112,13208.735833333334,15824.893802320605,0.83453580926157
2022,M027,SMA(3),11.722755039828273,10.78917016853843,10568.224722222227,12994.196902764268,0.6677067421365915
2022,M027,"WMA(1,2,3)",12.135897997589325,11.10037973627948,10900.95250000001,13531.049369391036,0.6887286816162845
2022,M027,SES,13.015524760875872,11.79623341294128,11651.869914885689,14532.120078588228,0.7361720918280914
2022,M027,Holt,11.189496874642202,10.435068047034584,10199.761296218887,11961.764642236598,0.6444270030848802
2022,M027,Holt-Winters,9.450233795112915,9.783759665553877,9465.413212002875,11454.563459386281,0.5980304530687658
2022,M028,Naive,5.606093414020384,5.568954343861359,11249.582499999999,13668.360882422647,0.34661506275506027
2022,M028,Seasonal Naive,13.794513567067316,14.927589426755091,28619.352500000005,33175.33735310853,0.881801494659619
2022,M028,SMA(3),7.916587250526197,8.3232552700756,16616.51527777777,19589.611990553592,0.5119776210163675
2022,M028,"WMA(1,2,3)",6.492227498601875,6.674263406432858,13446.995833333334,15736.468483762219,0.4143203807463849
2022,M028,SES,6.857477875811309,7.121351682426249,14316.94128041726,17072.113565683783,0.4411245928790995
2022,M028,Holt,10.982756553500995,10.16486102944974,21479.493933326357,25747.938899422577,0.6618126617273887
2022,M028,Holt-Winters,9.663160002490367,8.944858547231473,18998.975164543535,26052.066726766618,0.5853844770630456
2022,M029,Naive,9.637329486447541,10.070340510077603,8266.825833333334,11173.746594240074,1.3131335714401076
2022,M029,Seasonal Naive,10.225594193668137,10.081305135415917,8238.035833333335,9599.407895019272,1.3085604600326648
2022,M029,SMA(3),13.171216455600646,12.708275482165174,10384.830277777779,11606.708538559478,1.6495653285051908
2022,M029,"WMA(1,2,3)",12.851308773977625,12.479327124837447,10193.096388888893,11423.608861328345,1.6191095996246363
2022,M029,SES,11.497407962071481,11.489181042983802,9381.647703069333,10953.48157902884,1.4902160518067824
2022,M029,Holt,10.082211611670006,10.492837220363604,8596.452680538068,11412.337484699297,1.3654927341754817
2022,M029,Holt-Winters,11.549029912809377,11.522157792458987,9412.61347387618,11112.47208564358,1.4951347707966072
2022,M030,Naive,6.700094031760632,6.668252854974896,4466.016666666667,5708.489958109179,0.433349057999761
2022,M030,Seasonal Naive,6.959518628008607,6.939592664961006,4661.165000000003,6000.081542180629,0.45228480157891415
2022,M030,SMA(3),6.548998019235415,6.337893020235386,4245.138333333333,5662.556208443125,0.4119166664914689
2022,M030,"WMA(1,2,3)",6.52039640957215,6.444009901018116,4315.808333333333,5641.77858967882,0.4187739579470561
2022,M030,SES,6.50976243704756,6.338376646612283,4245.138333333333,5620.478521270351,0.4119166664914689
2022,M030,Holt,6.505265816617214,6.311877270793427,4227.170469465704,5631.838850819118,0.4101731985506928
2022,M030,Holt-Winters,9.702667378390295,10.332189656436842,6659.94868265258,7945.176799277124,0.6462319116485409
2022,M031,Naive,5.904817580657682,5.731590674630844,1300.2566666666662,1654.4720951006295,0.48803013929571737
2022,M031,Seasonal Naive,7.511718445985988,7.3638390361321875,1697.5266666666666,2224.971283608698,0.6371389563533829
2022,M031,SMA(3),5.398889019994438,5.287313059258741,1197.233888888888,1587.3725179259795,0.4493622194315463
2022,M031,"WMA(1,2,3)",5.550510505878786,5.529006191183595,1252.0483333333348,1558.6288170081848,0.46993592741046386
2022,M031,SES,6.693689095797479,6.4308138306052,1464.4066116156064,1792.2836722139812,0.5496411446860497
2022,M031,Holt,9.411830683776795,8.831805060481233,2044.8597756008387,2382.1441101786636,0.7675047755648401
2022,M031,Holt-Winters,3.9993061764684708,4.118597533170706,938.1318733784925,1178.376871876444,0.352112502538723
2022,M032,Naive,17.536190512714455,15.75894265630928,4491.178333333332,5029.970596739771,1.6351873539852537
2022,M032,Seasonal Naive,8.458180433962783,8.383509003897231,2321.34,2747.8143433766895,0.8451737006583936
2022,M032,SMA(3),10.405298125146361,9.91152577183429,2718.0016666666656,3011.810315891607,0.9895937376740793
2022,M032,"WMA(1,2,3)",11.815671844620585,11.059006710860835,3051.8233333333337,3414.5089701253783,1.1111344397584877
2022,M032,SES,10.593306907700056,10.066188146158158,2762.5015068674898,3060.1431850917334,1.0057956273676347
2022,M032,Holt,14.940808410565179,13.757679942855368,3873.591719165899,4170.711716507987,1.4103310364389325
2022,M032,Holt-Winters,7.663022541959006,7.731758207464143,2165.4569323158926,2997.354335485898,0.7884184346548956
2022,M033,Naive,21.98643565208528,25.00347050937673,6157.598333333332,6571.897736861602,1.8047404148662898
2022,M033,Seasonal Naive,9.913916888440307,10.15979336883918,2737.309166666666,3628.252983995879,0.802282353222774
2022,M033,SMA(3),6.873140227940371,6.909638896112395,1887.5511111111111,2317.986923975677,0.553225395834468
2022,M033,"WMA(1,2,3)",8.38552599426793,8.864580594960204,2402.469999999999,2957.7199629063916,0.7041438024679775
2022,M033,SES,7.39502120237686,7.5736952018581425,2065.4709844130907,2449.7632532298335,0.6053722181138208
2022,M033,Holt,11.789671125533056,12.779588923381038,3361.06508868584,3921.57522304691,0.9850999812233319
2022,M033,Holt-Winters,8.693946243522351,9.283428763322071,2475.601051959878,3279.6791324165783,0.7255779002945945
2022,M034,Naive,11.03376446524489,10.341225432602362,6297.076666666665,7111.815208225672,0.7472088040701043
2022,M034,Seasonal Naive,8.930371560707094,8.469971497782582,5187.787500000001,6312.35296115944,0.6155809590447268
2022,M034,SMA(3),15.869745337731622,14.482929281667053,9051.307222222222,9808.786260455186,1.0740247900408442
2022,M034,"WMA(1,2,3)",14.667016264143076,13.473505573918121,8366.318333333335,9100.64601823684,0.9927442601121987
2022,M034,SES,11.409099305287002,10.67072627622659,6510.840681096476,7303.268300814018,0.7725739634973079
2022,M034,Holt,6.774585455338335,6.602414385082003,3937.0275677691884,5330.1039722424175,0.4671662449460169
2022,M034,Holt-Winters,7.8631845863067875,7.861028085251316,4705.264772836552,5396.75147756827,0.5583249894915882
2022,M035,Naive,16.20799615343795,18.271916212342976,20758.215833333332,25694.478564561457,1.5524996851044133
2022,M035,Seasonal Naive,24.702418993279853,28.956351955509252,30494.284999999993,34062.743976284655,2.2806568849699658
2022,M035,SMA(3),21.420738898945597,24.687349617963918,26941.045833333337,31218.88999682275,2.014911373330547
2022,M035,"WMA(1,2,3)",20.30788674715923,23.306919310463257,25643.06583333334,30105.91249858771,1.917835904154821
2022,M035,SES,20.170929316192098,23.138208798920303,25483.324931578012,29969.968161617013,1.9058889381118527
2022,M035,Holt,9.88283316124277,10.42594571454243,12357.855212381159,15711.881093611093,0.9242396591223266
2022,M035,Holt-Winters,19.763473848130467,22.474774373050177,24205.76619224057,27087.247093772305,1.8103407678621326
2022,M036,Naive,6.923328267986051,7.542603552147679,16194.549999999997,30391.5794430313,0.679325981116562
2022,M036,Seasonal Naive,10.915318089293164,11.967088739292585,24106.329166666663,35188.420030970294,1.0112078268469717
2022,M036,SMA(3),9.328768588819141,10.334881347001946,21424.08666666666,34796.15470092947,0.8986936157139027
2022,M036,"WMA(1,2,3)",8.992970512277457,9.948969453226024,20715.294444444444,34205.73293594141,0.8689613309780568
2022,M036,SES,8.45278331932675,9.332514201264846,19575.08397971896,33305.22936036216,0.8211319937856673
2022,M036,Holt,7.5630018625817685,7.727246652236432,16490.2328173608,26023.76438895296,0.691729229123017
2022,M036,Holt-Winters,8.893178347838102,8.905224767228374,18997.416482351808,28463.72754322019,0.7969001046990246
2022,M037,Naive,11.168872445528795,10.51804064020008,3366.0533333333333,3936.216201571843,0.9593594491323342
2022,M037,Seasonal Naive,12.768889408194294,11.459562167753322,3738.063333333333,5049.846267523068,1.065386084283209
2022,M037,SMA(3),9.152425229534252,8.774096572124284,2784.548888888888,3472.757307427981,0.7936247657374701
2022,M037,"WMA(1,2,3)",9.147158271902772,8.769476671645954,2783.0299999999975,3471.7527036918477,0.7931918669496495
2022,M037,SES,12.42129125137459,11.591160186780243,3731.8626909720756,4262.00216012257,1.0636188381195626
2022,M037,Holt,16.15081134752409,14.781867339848475,4850.878719369829,5224.262089223363,1.3825497920479777
2022,M037,Holt-Winters,14.737915277095476,13.322795941804594,4374.725139942818,5218.203906984787,1.2468411771137262
2022,M038,Naive,10.74118116733981,10.754811454749314,6296.809166666666,6973.118637693013,0.9615608339531713
2022,M038,Seasonal Naive,17.726817395832185,20.00600942555371,10894.454166666665,12731.934727481197,1.663649025512726
2022,M038,SMA(3),11.078356358102734,11.719905376536758,6846.180833333333,8134.620840606218,1.0454532092766378
2022,M038,"WMA(1,2,3)",10.990555593229502,11.464983793924478,6703.123888888887,7714.277876302736,1.0236075488537393
2022,M038,SES,10.797199828559535,10.912578244895881,6388.082386410628,7073.509529592654,0.9754988064995197
2022,M038,Holt,9.56914299605586,9.805296053486375,5743.709400747696,6818.370796662877,0.8770991553316024
2022,M038,Holt-Winters,9.450745073795481,10.099653104479433,5844.453390229613,7643.3113359086965,0.8924833716827679
2022,M039,Naive,11.470103758256752,10.658157372602401,3665.899166666666,4179.910498984996,0.8243944023894451
2022,M039,Seasonal Naive,11.17281667990368,10.064170836361154,3602.4491666666668,5213.767298776545,0.8101256452705273
2022,M039,SMA(3),6.189946193003718,5.979176353359303,1993.0958333333328,2375.743225947642,0.44821119559591255
2022,M039,"WMA(1,2,3)",9.062717092006057,8.548057375384706,2896.6569444444453,3316.918102604603,0.6514057430591762
2022,M039,SES,10.792204206892276,10.062686984403314,3446.650052296689,3951.2787319818262,0.7750892430280099
2022,M039,Holt,10.606691726100522,9.897290567489685,3386.171105064133,3895.6265259332854,0.7614886219268405
2022,M039,Holt-Winters,10.176612260381052,10.120761673658947,3390.8982857192423,3825.8461447978416,0.762551679336218
2022,M040,Naive,4.9158484162887595,4.996702958398186,2620.1266666666656,3283.976399440673,0.402558478586883
2022,M040,Seasonal Naive,13.661315164597706,14.547424583633056,7257.503333333334,8508.46791537897,1.1150489544548357
2022,M040,SMA(3),5.989415124993383,6.2342473649716155,3246.7450000000003,4048.1229210428164,0.49883264965290613
2022,M040,"WMA(1,2,3)",5.760578254169872,5.975576080837621,3117.1374999999985,3888.8278323419263,0.4789196436607848
2022,M040,SES,6.196948250543485,6.4696368977186935,3364.137574471924,4199.597775023003,0.5168689441489032
2022,M040,Holt,9.169870018775946,8.755945603377098,4699.5565532116625,5223.764646866109,0.7220438462621032
2022,M040,Holt-Winters,9.927313334071554,10.464089086299284,5297.202598563518,6526.785685733753,0.8138666904822212
2022,M041,Naive,5.323329056500323,5.462731361114175,2591.7666666666664,4203.420597235859,0.4890960171664506
2022,M041,Seasonal Naive,8.409018255658424,8.605802763179275,3983.8699999999976,5336.157154733793,0.7518018404083084
2022,M041,SMA(3),7.161551213999415,7.053838381530397,3335.3183333333327,4256.87421912422,0.6294127221389184
2022,M041,"WMA(1,2,3)",6.346731420720207,6.3361810972842925,2996.022499999999,4140.092059934912,0.5653837171907471
2022,M041,SES,6.150491497687044,6.167051931264361,2916.8453784243598,4126.213395690639,0.5504420886439326
2022,M041,Holt,5.590788257565954,5.837969651808355,2761.6924598981605,4375.716455754719,0.5211629581269436
2022,M041,Holt-Winters,12.635971213010855,13.716944785331334,6036.11540116495,6902.974892720522,1.1390840232017476
2022,M042,Naive,10.454200377614956,11.304175153337406,15400.3425,19439.23767477328,0.8367565483799341
2022,M042,Seasonal Naive,15.470860102704945,16.422258638307238,22053.759166666667,25797.987926277474,1.1982608438158002
2022,M042,SMA(3),8.36941339154469,8.698883274064785,12042.125833333337,15257.276355556556,0.6542924384608225
2022,M042,"WMA(1,2,3)",8.49815256724112,8.870205966454812,12269.03638888889,15540.968656041845,0.6666213131762802
2022,M042,SES,9.428609514116905,10.03427781216557,13784.813450956915,17353.3131616845,0.7489789868818824
2022,M042,Holt,10.287440028758391,9.55596039872194,13317.974770427043,16346.3961168839,0.7236139456192988
2022,M042,Holt-Winters,11.285472826196646,10.67000019949844,14885.81771816031,19330.2028596585,0.8088005480177266
2022,M043,Naive,5.6089797945108515,5.660384563032942,3574.683333333334,4436.18335208694,0.6751744079620345
2022,M043,Seasonal Naive,9.439433280378907,9.817368427384206,6083.316666666668,7392.790661409037,1.1489968049931447
2022,M043,SMA(3),5.637506005224937,5.69466548331758,3596.0555555555566,4451.543161696227,0.6792111228651884
2022,M043,"WMA(1,2,3)",6.102511979497819,6.231607990531362,3928.4508333333365,4700.151631070299,0.7419928475539921
2022,M043,SES,6.026849447513152,6.145619653686087,3875.465060297324,4659.12075218867,0.7319850693526594
2022,M043,Holt,8.212166390755755,7.838990666556376,5043.457327331981,5840.32984910684,0.9525915997397871
2022,M043,Holt-Winters,10.040583308532993,10.058705277865405,6360.7967816036835,7498.123174521377,1.2014063346924198
2022,M044,Naive,9.660710145567176,10.505688807686504,8750.342500000002,14179.98231868168,0.7792528993752271
2022,M044,Seasonal Naive,20.214951425058374,19.08491224652161,16084.548333333334,20536.520105726282,1.4323931804830468
2022,M044,SMA(3),9.992398378797029,10.173819854768007,8487.813055555558,12911.030649747934,0.7558736052784873
2022,M044,"WMA(1,2,3)",9.75825182141616,10.106596701162882,8437.109166666667,13023.449710269742,0.7513582217462121
2022,M044,SES,10.268066131077934,10.375439211188109,8648.284036849638,12907.003798785681,0.7701641861830634
2022,M044,Holt,23.885336497223975,21.136715067407234,18207.360252779887,19602.68358169072,1.6214380485047288
2022,M044,Holt-Winters,18.319472946852034,16.788883305720255,14166.62925973769,17289.309176386472,1.2615948375763029
2022,M045,Naive,9.504163875622428,9.786134898078885,5402.248333333334,6295.036679216679,0.61466898158837
2022,M045,Seasonal Naive,12.429436206343041,12.455194857907388,6860.320833333332,8376.95812575633,0.7805687854028326
2022,M045,SMA(3),9.126781241066016,8.752647616355134,4848.794444444447,6065.473541540497,0.551696878632572
2022,M045,"WMA(1,2,3)",8.64381342055958,8.490448940304598,4697.800277777779,5835.036673132637,0.5345167297530558
2022,M045,SES,8.679338237326743,8.564618687333784,4738.982615397123,5828.530456127172,0.5392024650177082
2022,M045,Holt,15.417480360677319,13.996962976428119,8057.76376227436,9185.272983818226,0.9168141003582495
2022,M045,Holt-Winters,14.230739449846455,12.777376040785462,7383.056736670837,9571.319822945454,0.8400457893312847
2022,M046,Naive,8.313318092272636,8.037470041856807,13854.575833333336,17623.13144946177,0.6188729801559636
2022,M046,Seasonal Naive,8.534243019822851,8.893287613868083,15209.640833333333,18883.251449736043,0.6794026654341936
2022,M046,SMA(3),8.37206781898227,8.036559999441971,13854.575833333336,17805.305677095013,0.6188729801559636
2022,M046,"WMA(1,2,3)",8.744657013127256,8.190422160965584,14142.866388888899,19147.1715409224,0.6317506919974356
2022,M046,SES,8.31679175698372,8.03742158582668,13854.575833333336,17631.49977653968,0.6188729801559636
2022,M046,Holt,16.804862659564826,15.13228438512478,27795.684632822235,31241.43511222714,1.2416113196914313
2022,M046,Holt-Winters,9.800856103702731,9.326055960970358,16736.981388120552,19662.69297303953,0.7476277639305373
2022,M047,Naive,12.34827312741814,11.388898906449924,5105.432500000002,5977.666161205812,1.0790925822104311
2022,M047,Seasonal Naive,7.996134520268596,7.776825951855644,3450.6991666666686,4238.253619297892,0.7293454323781026
2022,M047,SMA(3),12.133848089386587,11.21809320236401,5022.679166666668,5869.885810246748,1.0616017020248274
2022,M047,"WMA(1,2,3)",12.341685167305416,11.383660843922137,5102.890000000002,5974.315416733957,1.0785551952426728
2022,M047,SES,10.33513498362838,9.872481853208132,4383.819492974832,4889.57789946814,0.9265712741513346
2022,M047,Holt,13.523850970456882,12.391194725906377,5602.577615191617,6519.13047350165,1.1841699886956647
2022,M047,Holt-Winters,13.521751681639973,12.610322933321363,5760.075851120567,6294.079783370039,1.2174590740184377
2022,M048,Naive,42.39699621897539,34.17903783475204,26671.430833333336,28029.097966256875,3.5453848387210054
2022,M048,Seasonal Naive,11.877572364231716,11.3449900968333,7709.835000000003,9279.289843559332,1.0248543577901625
2022,M048,SMA(3),27.23801596409804,23.505693350343932,17059.61194444445,18185.968596941024,2.267703218483015
2022,M048,"WMA(1,2,3)",31.755972079032162,26.76990386477374,19858.992500000008,21203.955266221954,2.6398197892623063
2022,M048,SES,31.70879389979601,26.736586237129405,19829.760326370942,21171.909226695614,2.635934009536615
2022,M048,Holt,89.55921002515483,60.05010633556661,58222.82216666826,61317.41679442899,7.739453959825549
2022,M048,Holt-Winters,78.60380493949384,54.64895935636661,51274.13810361214,54516.04795870368,6.815778013073107
2022,M049,Naive,19.299784544072175,21.58269571286425,11756.229166666666,12524.367904544124,1.7338158161398591
2022,M049,Seasonal Naive,11.59490437724848,12.75939214657039,7164.963333333334,9129.109411032383,1.0566931431226778
2022,M049,SMA(3),11.937987201565244,12.930017664442554,7387.689166666663,8557.383853285708,1.0895408842666818
2022,M049,"WMA(1,2,3)",14.246628630203933,15.569733628882693,8757.652499999997,9764.596484235648,1.2915839085384255
2022,M049,SES,13.346374148083292,14.532617746435154,8223.435442350856,9288.474452982213,1.2127972524880315
2022,M049,Holt,20.073528408794335,22.70091610034578,12258.5048840537,13378.328981729786,1.8078917439329163
2022,M049,Holt-Winters,42.77982163564477,55.59217278697367,25772.109985684412,26881.71263210962,3.8008864300784344
2022,M050,Naive,11.030577389312995,10.466179868764769,5825.784166666669,6645.779883261134,0.7348965706604657
2022,M050,Seasonal Naive,12.226668410181043,12.282254391442066,6686.3600000000015,8966.714853297726,0.8434543562936051
2022,M050,SMA(3),6.351105337191089,6.482246360380296,3566.8419444444444,5262.211508254185,0.4499411303388419
2022,M050,"WMA(1,2,3)",7.462018405148328,7.29238098190075,4012.1266666666684,5479.964733007718,0.5061118029842459
2022,M050,SES,6.5029138538382085,6.547185627473214,3601.498758006966,5210.147112171366,0.45431293209264584
2022,M050,Holt,7.92081427472285,7.705916238165142,4246.238200870267,5656.214636140148,0.5356439241058433
2022,M050,Holt-Winters,8.87275339110296,8.655539704013206,4823.965197871773,6641.4018060969565,0.6085215963175313
2023,M001,Naive,13.609016356093248,12.470933681664786,9070.065833333338,10350.387819831121,0.5265332442206638
2023,M001,Seasonal Naive,15.648249139624207,14.105117646711005,10632.88,12587.140299214778,0.6172573501323181
2023,M001,SMA(3),11.150218630125456,10.341364668089659,7406.946388888882,8686.427725808962,0.42998624084704185
2023,M001,"WMA(1,2,3)",11.72474082965443,10.844211460653884,7795.550555555558,9063.241461991924,0.4525453949207312
2023,M001,SES,13.844128958649796,12.671528337454394,9229.094913609484,10515.54758290616,0.5357651615079119
2023,M001,Holt,6.747793030648144,7.077604908063235,4829.259885588203,6179.505655703347,0.28034701417475566
2023,M001,Holt-Winters,6.862453159461948,7.226032709415968,4952.202888079183,6427.630832826565,0.2874840712970869
2023,M001,SARIMA,58.62771808208343,44.94653786720642,40434.890820144305,41108.904430556606,2.3473163959841425
2023,M001,Driver Scenario Regression,15.700339452672871,14.186944282799605,10670.205502732855,12397.1383712362,0.6194241610912717
2023,M002,Naive,4.963460529215518,5.085246120405059,5485.035,7045.134375588587,0.4541602281136635
2023,M002,Seasonal Naive,8.084707960785913,8.38028361552535,8656.703333333333,9840.767827600312,0.7167739787583813
2023,M002,SMA(3),6.795301994975381,7.148815365821493,7598.852777777772,9533.748762816225,0.6291840819534786
2023,M002,"WMA(1,2,3)",5.745564977093083,6.0019645786100995,6434.303333333338,8425.553748810822,0.5327595301796934
2023,M002,SES,5.895353966150813,6.171006858558007,6607.289310343957,8647.327014114033,0.5470827479494265
2023,M002,Holt,7.892697531562681,8.335847804965095,8786.135146482504,10537.010089638588,0.7274909170796486
2023,M002,Holt-Winters,8.114667566859126,8.668938839114043,8871.8236273795,11300.905124006373,0.7345859128328011
2023,M002,SARIMA,21.340720739973197,19.049790820949823,22600.396410540663,23944.587152268843,1.8713100626104247
2023,M002,Driver Scenario Regression,6.412807028442477,6.851033135915892,7062.626105588301,10536.161280737755,0.5847845789854573
2023,M003,Naive,10.364534547314324,11.460954229355046,21660.09083333333,30347.214963732255,1.0175949183107686
2023,M003,Seasonal Naive,14.022077006719,15.373852909654662,28253.655,35648.9141806201,1.3273617351345663
2023,M003,SMA(3),9.314317665645715,10.049671830733754,19216.12638888889,26178.467540677782,0.9027770341968387
2023,M003,"WMA(1,2,3)",9.956328519893711,10.97012696067998,20822.338333333326,29365.236186626113,0.9782371569162402
2023,M003,SES,9.7995655571891,10.776951064134225,20490.127076137163,28932.692599298225,0.9626298129891224
2023,M003,Holt,9.756628642153032,10.289349567517334,19636.675834621787,24864.23127507578,0.9225345219271129
2023,M003,Holt-Winters,11.817081350165253,12.3071290457277,23303.232616330733,28490.564063081612,1.0947900114111673
2023,M003,SARIMA,27.86537673578081,23.618808403856274,49434.80096674056,58249.549918010125,2.3224557384609064
2023,M003,Driver Scenario Regression,13.457233055567164,14.834721119511176,27235.433346223424,34799.88464243388,1.2795255008098936
2023,M004,Naive,27.708222328188192,23.860212577617013,23620.075833333336,25142.190959106465,1.2815386571047118
2023,M004,Seasonal Naive,16.12424173431359,14.187640293382042,13838.515833333338,18458.615666752794,0.7508270982070568
2023,M004,SMA(3),15.555604950239504,14.179364325298623,13158.630833333322,14667.253270459036,0.7139390324771384
2023,M004,"WMA(1,2,3)",19.4333014706581,17.355363072062346,16450.23083333333,18014.008252595857,0.8925291722163544
2023,M004,SES,15.990719369393302,14.54245560731524,13527.979650226307,15028.211139423223,0.7339785442104694
2023,M004,Holt,6.945045823410102,6.973319635875014,6291.230597016635,7346.305021469454,0.3413390908533326
2023,M004,Holt-Winters,7.269030100088895,7.684162364979878,6799.506624178076,9188.155141842699,0.3689162833180473
2023,M004,SARIMA,36.37416259542722,47.11924352778247,32620.554287909075,36371.73797347582,1.7698715969888048
2023,M004,Driver Scenario Regression,13.594365983289999,13.606096479677438,11929.567251969987,15728.627599432531,0.6472545517552831
2023,M005,Naive,8.560898691455638,8.27777345411052,2780.8541666666665,3483.7954170691,0.36637920149914616
2023,M005,Seasonal Naive,17.994577203435668,15.66991579419562,5698.060833333334,7154.91566084523,0.7507229265145666
2023,M005,SMA(3),12.439441513151529,11.291503788318831,3893.97861111111,4850.80682133481,0.5130340135397161
2023,M005,"WMA(1,2,3)",10.288566721933472,9.465547141979497,3215.356388888887,4203.423982952931,0.42362512943581376
2023,M005,SES,11.878575354527886,10.820572824068186,3717.0198032397916,4669.273615905146,0.489719584648305
2023,M005,Holt,7.465935033845435,7.412584238842153,2486.6292977257585,3489.818840985384,0.3276148988485778
2023,M005,Holt-Winters,11.34764524532464,11.754943469101999,3890.1500137156672,4721.407840761732,0.5125295935404879
2023,M005,SARIMA,35.22450622526918,29.04214035324469,11446.760123389138,12347.624811137302,1.5081175000221745
2023,M005,Driver Scenario Regression,30.722566768092324,25.042029026961625,9800.084859863191,11739.69550915385,1.291167048103223
2023,M006,Naive,8.202155993656419,8.424376147231825,19151.227499999997,26676.105584611203,0.6925580695925018
2023,M006,Seasonal Naive,15.13908541640166,16.978308514197813,35084.1575,43717.27929695963,1.2687341524964546
2023,M006,SMA(3),8.707357092592167,9.293406271016268,21022.718055555557,29723.342318396793,0.7602360232075459
2023,M006,"WMA(1,2,3)",8.363457766622204,8.741559869962504,19844.133333333328,27649.748668829856,0.7176153421011551
2023,M006,SES,9.387515241362458,10.215769214124066,22943.728756493376,32797.111977691355,0.8297047537475614
2023,M006,Holt,8.030057366030478,8.34934377910432,18976.353637028114,25242.218489920524,0.6862341770398186
2023,M006,Holt-Winters,8.820308880783891,8.875013751620605,20111.495594992466,23465.711654516257,0.7272838550889799
2023,M006,SARIMA,24.554334485221815,21.4446550305578,52305.769430127984,56261.67061392758,1.891512317165045
2023,M006,Driver Scenario Regression,18.763256124804315,21.468370733339096,43671.46338274453,52597.73583819459,1.5792734108888415
2023,M007,Naive,18.00779803417236,16.221208526489935,25179.103333333343,27435.651254044747,1.6642271801671877
2023,M007,Seasonal Naive,14.848955200902921,15.541796053606516,22501.938333333335,28167.72655880337,1.4872784342245946
2023,M007,SMA(3),10.052238256920564,9.544730862908885,14214.984444444433,16425.860972369475,0.9395474955925034
2023,M007,"WMA(1,2,3)",11.040409568161435,10.394639671049855,15550.829999999993,17632.7029080879,1.0278409686614185
2023,M007,SES,9.234243259192239,8.836348668788046,13115.397052934013,15519.501057862703,0.8668696404800783
2023,M007,Holt,14.378541669407163,13.238431131281523,20192.46573465658,22818.29832512503,1.3346325270337294
2023,M007,Holt-Winters,10.430433275112112,10.425548357344457,15369.013831232403,18658.957955061895,1.0158237254001656
2023,M007,SARIMA,27.801640113083657,24.6735317812746,39984.55274648993,45571.600786156356,2.642801794273734
2023,M007,Driver Scenario Regression,14.459145414889962,14.41841563489554,21659.149748028023,26144.177858006762,1.4315738425148916
2023,M008,Naive,10.762855435979795,10.509110215606126,5426.629999999999,6886.768233280155,0.8444785390837539
2023,M008,Seasonal Naive,16.361822921886734,14.632130606228339,7767.566666666666,9837.827562909064,1.2087692271082295
2023,M008,SMA(3),10.654755275792654,10.509631107863788,5426.629999999999,6888.249067021072,0.8444785390837539
2023,M008,"WMA(1,2,3)",10.5289250098623,10.50956424710534,5426.629999999999,6939.563400946656,0.8444785390837539
2023,M008,SES,11.029494381339715,10.601929049626145,5476.472720576101,6965.210122293045,0.852234938148379
2023,M008,Holt,11.169063277193004,10.677031646514115,5516.182569170494,6962.942732629412,0.8584144851099795
2023,M008,Holt-Winters,11.698416840401084,11.154783172498133,5769.007416270263,7275.317203763601,0.8977584531938338
2023,M008,SARIMA,20.878209808934663,17.85038733827711,9983.471986365168,12614.705910599165,1.5536028507617512
2023,M008,Driver Scenario Regression,17.202225781066787,15.6223068237739,8375.6952876275,9891.719688043891,1.303404676623679
2023,M009,Naive,6.1349146658598706,6.353507621009312,4645.215000000001,7026.6920001104845,0.4728784041915414
2023,M009,Seasonal Naive,15.653608302196776,15.820680826955916,11363.133333333333,14175.903851766088,1.1567560074791752
2023,M009,SMA(3),7.337610673983015,7.77027723396589,5620.4966666666705,7932.699305699098,0.5721611366744516
2023,M009,"WMA(1,2,3)",7.316394186908575,7.745537890803102,5603.704166666667,7915.294977271151,0.57045167637985
2023,M009,SES,6.618688681323238,6.938257933754671,5051.481752963785,7405.289067772183,0.5142359675804467
2023,M009,Holt,15.442739806603154,14.14759932569368,10694.313158746712,11648.36788365328,1.0886707591430638
2023,M009,Holt-Winters,14.607854928314016,13.23958788516381,10207.596745657125,13369.30430326086,1.0391234979903217
2023,M009,SARIMA,17.183205890696186,18.463976668190465,12641.752123345874,14836.580002155559,1.286918166386879
2023,M009,Driver Scenario Regression,19.768119201727917,19.182967637307655,14168.566584618877,16680.760372518806,1.4423464051106722
2023,M010,Naive,9.838419263176046,10.415253493197426,22702.296666666673,25563.90063774535,0.771128102896352
2023,M010,Seasonal Naive,9.986132217255218,10.725133970799478,22758.7025,27254.819064650288,0.7730440378296877
2023,M010,SMA(3),7.652541308971558,7.890061226509666,17415.460000000003,20073.969004376322,0.5915503099995009
2023,M010,"WMA(1,2,3)",7.734265691425608,7.986388496851865,17621.01666666666,20298.56339766478,0.5985324459803549
2023,M010,SES,7.944299883027352,8.234740601837567,18149.303660281494,20901.8183174612,0.6164767514906061
2023,M010,Holt,5.265163722289481,5.087430075423025,11195.966391005575,13944.404204183029,0.3802929919360924
2023,M010,Holt-Winters,7.275559647474294,7.140483091148833,16147.324482729775,20270.175053054747,0.5484755960176376
2023,M010,SARIMA,24.445575135766266,21.501046932583126,53312.97819844109,55559.573429998614,1.8108800330444588
2023,M010,Driver Scenario Regression,15.333056735118362,16.835986234505597,35057.511184732786,39294.76942497239,1.1907972347063842
2023,M011,Naive,5.349659494493881,5.293089968899791,8187.791666666669,10067.533371665577,0.5542196626803666
2023,M011,Seasonal Naive,8.802873456488673,8.999404069928525,13767.809166666671,15022.466686490772,0.9319228997071036
2023,M011,SMA(3),6.352016390492079,6.488970058099078,10015.153333333348,11484.141890134135,0.6779111057123244
2023,M011,"WMA(1,2,3)",6.411246760048309,6.556761493810191,10117.30083333334,11584.03605786753,0.6848253208387439
2023,M011,SES,6.223681466061681,6.342380526867516,9793.829512606417,11277.365445016754,0.6629300194487621
2023,M011,Holt,7.188193793236984,7.479821439754854,11494.505334372268,13360.571181497517,0.7780462826171246
2023,M011,Holt-Winters,7.880132518512038,8.290952717695347,12603.694387488016,14781.657685835444,0.853125670062852
2023,M011,SARIMA,26.606549889656723,23.29078023947573,40891.53731722871,41899.873886374866,2.7678884540625353
2023,M011,Driver Scenario Regression,5.515650070398387,5.688306029586739,8679.821296077032,10783.8411097122,0.5875244298681684
2023,M012,Naive,7.079664090001912,6.89414243776246,12115.8775,14479.821289178895,0.6434444363701316
2023,M012,Seasonal Naive,15.132684581931699,16.513948013132023,27519.62916666667,31293.314036118663,1.4614997781432562
2023,M012,SMA(3),9.273084705021105,9.805355930512636,17056.222499999996,19868.38261424563,0.9058140009352236
2023,M012,"WMA(1,2,3)",7.919658797209574,8.16809892368863,14322.96361111111,16465.941044366315,0.760657348004822
2023,M012,SES,8.525098825205141,8.899849196734149,15554.858618929116,17917.24426766628,0.8260802601275828
2023,M012,Holt,7.227099729296466,7.06882735060302,12439.403398709139,15233.541511739684,0.6606261006405109
2023,M012,Holt-Winters,7.978675405216751,8.021888411997242,14266.352200984926,19031.63616626918,0.757650855335945
2023,M012,SARIMA,20.877806983213123,18.598151791928586,35742.39698389109,38051.99920154516,1.8981907403584506
2023,M012,Driver Scenario Regression,12.289902812097237,13.208554187303967,22428.895779885297,25972.255324276834,1.1911434564679872
2023,M013,Naive,11.375282953493294,10.545411348240469,6773.979999999999,7998.129250487264,0.9014059892421563
2023,M013,Seasonal Naive,5.684934942067497,5.628896819671956,3491.028333333334,4612.91509592181,0.46454725999792307
2023,M013,SMA(3),10.947810981937913,10.181210247780879,6523.351111111101,7749.116860209862,0.8680550815746464
2023,M013,"WMA(1,2,3)",11.096688785389777,10.308297136199904,6610.638888888893,7834.692652959765,0.8796703691421532
2023,M013,SES,9.784612370062163,9.215111279926079,5865.986610871175,7001.806935699741,0.7805803181960349
2023,M013,Holt,10.145163677578694,9.44465247166768,6022.438331999755,7168.894775812684,0.8013991748287007
2023,M013,Holt-Winters,6.3193249222220675,6.333458558297933,3996.051358557845,4441.440375054502,0.531750112625561
2023,M013,SARIMA,67.68358282915057,50.03835717993219,41867.089713739835,42315.89016636951,5.571207092448423
2023,M013,Driver Scenario Regression,6.777800618244949,7.1241093826598005,4484.448279131224,5667.256438332489,0.5967405479873822
2023,M014,Naive,11.0686464247269,10.374911244042313,13304.055833333332,15955.047258488714,1.3595179610722439
2023,M014,Seasonal Naive,11.070645548793463,11.368442257502354,14030.893333333332,17989.35119419032,1.4337922010791926
2023,M014,SMA(3),8.579592788450869,8.418392248880693,10704.663611111104,13076.434448632412,1.0938906622805198
2023,M014,"WMA(1,2,3)",9.685291925530061,9.283304812322745,11833.857499999998,14086.770791515408,1.2092809908171096
2023,M014,SES,7.719689690290925,7.757603139377296,9864.25083333333,12884.838491390126,1.0080103652931287
2023,M014,Holt,8.316848364992472,8.170486827043876,10387.125310243315,13199.354385986488,1.0614419843159777
2023,M014,Holt-Winters,8.608752791498912,8.280900642764188,10556.271496599738,14932.365075986272,1.0787267342658593
2023,M014,SARIMA,10.310540892928959,9.803141837288527,12637.106275829055,17190.618556470254,1.2913635641037318
2023,M014,Driver Scenario Regression,14.67657158955399,15.731036359030021,18917.03177502152,20911.27885045178,1.9330980559987962
2023,M015,Naive,9.802139530443126,10.324422741417251,12604.696666666665,18189.529212245066,0.8256510394100104
2023,M015,Seasonal Naive,14.390844942484717,14.925097409266533,18230.823333333337,24114.10175196421,1.1941817111928603
2023,M015,SMA(3),9.805769552263932,10.324540716928475,12604.696666666665,18178.424879391903,0.8256510394100104
2023,M015,"WMA(1,2,3)",9.731070757321692,10.3219624615153,12604.696666666665,18424.83714069453,0.8256510394100104
2023,M015,SES,10.139719619100578,10.399856377936077,12684.44789167022,17620.37665830954,0.8308750192930439
2023,M015,Holt,10.93094400207834,10.851626560749143,13212.704327896941,17511.046736867163,0.8654776350623739
2023,M015,Holt-Winters,8.51478747047903,9.063618265883582,11186.72209083916,18153.248352922295,0.7327688215074548
2023,M015,SARIMA,21.700705385485527,19.01310361608206,24271.734077528516,29201.242565626224,1.5898821684769981
2023,M015,Driver Scenario Regression,11.831880002243901,11.800596345405754,14338.6428570269,18196.479631386253,0.9392304861997087
2023,M016,Naive,25.963762373395955,22.598959266777694,31113.71583333334,32930.81020956199,1.7751285515357784
2023,M016,Seasonal Naive,11.914220946859876,11.525807041804082,14674.68166666667,18069.721878348508,0.8372335387626976
2023,M016,SMA(3),10.54257659048059,10.004047853381783,12692.455833333333,13908.451158356622,0.7241417534166323
2023,M016,"WMA(1,2,3)",13.044515956251072,12.119527315267192,15563.325833333329,16958.744033009683,0.8879332893439417
2023,M016,SES,10.289768232039904,9.786182683512186,12402.368894406616,13637.975319771765,0.7075914445279475
2023,M016,Holt,10.509734248028122,9.939098351171554,12651.060179381986,14507.49421164317,0.7217800102024128
2023,M016,Holt-Winters,9.414924213291878,9.123846425580728,11515.217237285362,13974.864955113137,0.6569768459845275
2023,M016,SARIMA,63.1757389608565,47.34954938003483,77777.3208076971,80163.04293907442,4.437423789793271
2023,M016,Driver Scenario Regression,7.623357896647293,7.168255146011136,9045.343624678211,12894.989079726985,0.516063327589317
2023,M017,Naive,10.874328637811264,10.613507261500315,2122.9691666666663,2669.9633241597785,0.7219584867840937
2023,M017,Seasonal Naive,9.98020834560343,9.573426832251952,1930.1774999999998,2615.7727176734984,0.6563957918016733
2023,M017,SMA(3),10.48002864527502,10.94818118688932,2183.7286111111102,2831.4173988918023,0.7426209614246594
2023,M017,"WMA(1,2,3)",10.236671919591487,10.59777517205711,2117.0769444444445,2765.9676305946214,0.7199547177674998
2023,M017,SES,10.27276544431205,10.246105280709845,2049.530362003538,2643.5353956627882,0.6969841399502804
2023,M017,Holt,11.726293618951143,11.155642503076463,2234.955659549291,2800.885855809767,0.7600417525287119
2023,M017,Holt-Winters,12.027704199975785,12.238963643386429,2419.949050556525,3021.7493326489166,0.8229524865768862
2023,M017,SARIMA,11.46257883946678,11.763174584284119,2346.39095354631,2897.1827368026948,0.7979375719742424
2023,M017,Driver Scenario Regression,12.84396534500298,11.692963840865806,2355.5997959168676,3068.218180164376,0.8010692245706482
2023,M018,Naive,14.8170740313011,16.471317962448794,17849.52583333333,21435.69853484116,1.5121968766021623
2023,M018,Seasonal Naive,12.576926577156053,13.753616920402278,15190.701666666666,19067.171091645974,1.2869435204172472
2023,M018,SMA(3),12.444999465030875,13.574713628425858,14989.784166666665,18382.488900431163,1.2699219581196466
2023,M018,"WMA(1,2,3)",12.661292868732865,13.859752992897398,15277.39916666667,18795.003383388677,1.294288459993423
2023,M018,SES,12.263478175008434,13.336590659828154,14748.407199379508,18043.167737595766,1.2494727036451272
2023,M018,Holt,10.36656743277048,10.700023540792847,11982.970937588965,14149.25980308761,1.0151872600669842
2023,M018,Holt-Winters,14.194613416785096,15.576946417092339,16844.630221700263,20897.064160810296,1.4270629621547015
2023,M018,SARIMA,50.774762850183706,39.711009963674,55070.80087169007,56557.13009291032,4.6655521187364535
2023,M018,Driver Scenario Regression,19.52523898952501,19.89212430158419,21790.009185250135,24942.25797935784,1.8460313253550586
2023,M019,Naive,9.94081602274423,9.94516459759587,9214.2125,12024.421245754753,0.8954831333023314
2023,M019,Seasonal Naive,10.468395818727833,10.986268304521102,9801.156666666668,12792.414233184576,0.9525252952277475
2023,M019,SMA(3),8.775975781467947,9.005836847549144,8369.274166666664,11872.850039914945,0.8133678113276553
2023,M019,"WMA(1,2,3)",9.36210461191076,9.468282717283387,8782.113611111115,11908.177188578,0.8534896078742307
2023,M019,SES,9.19102049901686,9.33405003641265,8661.610632155056,11884.545311998425,0.8417785272834761
2023,M019,Holt,7.542763752015754,8.184540585529803,7653.876076742606,13107.496879120954,0.7438418563831932
2023,M019,Holt-Winters,9.999357040484865,10.970196264578586,9855.374801911626,14446.273431237723,0.9577944840630349
2023,M019,SARIMA,49.46015986042444,38.74314612462091,42201.85201048465,44195.083426609875,4.101386490653443
2023,M019,Driver Scenario Regression,49.61903015853026,37.550413051975504,44322.80778888858,51701.02216617519,4.307511553000425
2023,M020,Naive,10.24197406676218,10.896657567234842,4430.630833333334,5086.037502431699,0.9406643991437211
2023,M020,Seasonal Naive,13.220423725531772,14.616898211560969,5678.659166666667,6903.768631480079,1.2056324965661176
2023,M020,SMA(3),9.779502568007931,10.352634985694252,4222.2225,4853.074937309506,0.896417359156403
2023,M020,"WMA(1,2,3)",9.117200040558208,9.540405862667404,3907.0716666666667,4428.4708609465615,0.8295078872485142
2023,M020,SES,10.2162606865182,10.866444996749864,4419.099589001683,5073.254059657231,0.9382162080330998
2023,M020,Holt,5.132883785762491,5.0294020408217355,2061.0445474121875,2469.5430139519435,0.43757904996596864
2023,M020,Holt-Winters,6.598125618829388,6.694949314624288,2701.7303679782653,3365.544150201007,0.5736026468561838
2023,M020,SARIMA,7.826104770114144,7.719976670655279,3180.5870810769625,3685.95258654711,0.6752684094184954
2023,M020,Driver Scenario Regression,12.19646297119487,13.121663749257939,5158.577486802491,6023.8265826218485,1.0952142876703357
2023,M021,Naive,7.812787271108755,8.21527464155745,14236.86583333333,17998.640769310183,0.7538182307312045
2023,M021,Seasonal Naive,14.821618154470348,16.48448652058976,26802.797499999997,33548.94103077857,1.41916329244259
2023,M021,SMA(3),8.675316873536385,8.60037839737179,14898.459722222216,15831.854450080396,0.788848520446875
2023,M021,"WMA(1,2,3)",8.107830123790778,8.22243627000128,14249.534166666665,15947.39797526046,0.7544889977898706
2023,M021,SES,7.854396954811362,8.29270715569799,14365.093917180662,18382.366750278652,0.7606076932735524
2023,M021,Holt,8.409966490470971,8.307076016819419,14413.699942859217,15898.885953343246,0.7631813010260463
2023,M021,Holt-Winters,10.668329380162533,11.06066531458657,18865.825601343186,22140.162674458454,0.9989139072162115
2023,M021,SARIMA,45.97493407971167,36.92813391434857,77540.13267053383,79325.85058222384,4.105620317325087
2023,M021,Driver Scenario Regression,17.926341464071697,20.37057754019045,32168.135822765867,38611.50727781338,1.7032489816026422
2023,M022,Naive,8.357987112749367,7.871314675947498,8277.811666666666,10532.45745678883,0.6566088701193531
2023,M022,Seasonal Naive,14.426358375986572,14.025264440005023,15094.025,16496.428845256174,1.1972814917634151
2023,M022,SMA(3),7.206671117301877,7.245249128190992,7576.680555555554,9508.889656610221,0.6009940620987718
2023,M022,"WMA(1,2,3)",7.076328113270174,7.01729633737791,7339.606666666666,9259.979921929276,0.5821889932488765
2023,M022,SES,7.48445899113128,7.205823643624678,7544.315622439709,9489.741607976388,0.5984268253675645
2023,M022,Holt,9.787280971457324,9.08501292483264,9647.579067319766,12168.300543999248,0.7652609464755827
2023,M022,Holt-Winters,9.875720575953277,9.638548275406146,10223.138235946028,11708.980272001914,0.8109151931070121
2023,M022,SARIMA,20.738363099638867,23.871048982047373,22462.639898481895,26014.869560750998,1.781771462986103
2023,M022,Driver Scenario Regression,12.349561514233697,11.902491368306334,12666.598296431666,14616.481101116953,1.0047342378139454
2023,M023,Naive,12.109944122621902,13.266461237026958,21986.44250000001,27317.85687047379,1.2009170559043425
2023,M023,Seasonal Naive,11.573568263499206,12.79410008055046,20769.357500000002,28041.39593369937,1.1344389007873723
2023,M023,SMA(3),8.39544882416185,9.048026045924589,15504.914166666675,21332.066422001168,0.8468907997773113
2023,M023,"WMA(1,2,3)",8.370430454548822,9.018184240800077,15457.61500000001,21270.709603706033,0.8443072815032632
2023,M023,SES,8.304260054888253,8.939335071135808,15332.514731263253,21109.61241378798,0.8374742048732358
2023,M023,Holt,6.738786641995986,6.9047591749129795,12027.50190577669,16097.080337687838,0.656951763732091
2023,M023,Holt-Winters,7.966692041606911,8.437294518553317,14417.069199727439,20256.93305187677,0.7874718385253023
2023,M023,SARIMA,12.613213096097686,13.582807224213816,22600.408923625917,30888.379017647985,1.234452392504838
2023,M023,Driver Scenario Regression,17.63840782724223,19.51450616039566,30621.207211397475,34770.66746150364,1.6725548033770476
2023,M024,Naive,11.634968509573584,11.407482329836146,13314.558333333334,15048.136802257837,1.109546412200027
2023,M024,Seasonal Naive,8.706781495751976,9.177218978079393,10812.594166666668,15548.623426434737,0.9010494200295747
2023,M024,SMA(3),8.25044687472656,8.621951046137209,10132.853888888892,14626.738375243547,0.8444044027819494
2023,M024,"WMA(1,2,3)",8.502639248113464,8.824753911362356,10356.602777777778,14521.616288363592,0.8630501415804254
2023,M024,SES,8.051202770224249,8.460743948717344,9956.081505167123,14730.90289529761,0.8296733723396176
2023,M024,Holt,9.620266831860125,9.725283104161457,11370.658385744413,14300.153718565,0.9475547667750799
2023,M024,Holt-Winters,12.182688462015127,12.041848694398572,14265.058380633418,17147.515194879565,1.1887547412241664
2023,M024,SARIMA,32.5915244744127,27.363226318380224,34995.033038960515,37559.936861516304,2.916252449470414
2023,M024,Driver Scenario Regression,10.527148301853302,11.119733894321044,13052.772803630796,18317.508602313716,1.0877309536639257
2023,M025,Naive,17.78048911262818,19.78958741419891,33403.86500000001,36266.165183251505,1.570350250227984
2023,M025,Seasonal Naive,12.156406095123003,13.096984778745599,22905.199166666673,26205.14544799154,1.0767971084452894
2023,M025,SMA(3),13.962737951210851,15.29271415703452,26469.548333333325,30000.89213892359,1.2443608501193406
2023,M025,"WMA(1,2,3)",15.236393120870268,16.772302521563542,28782.933333333338,32060.47085480451,1.3531154721854903
2023,M025,SES,12.827946377451035,13.99138302978256,24408.38620138487,28199.040003457805,1.1474634860069632
2023,M025,Holt,15.117426861190422,16.686051834038917,28611.049627640183,32352.31765709546,1.3450350413657226
2023,M025,Holt-Winters,9.024100067067222,9.425396334183466,16993.231010926575,19853.24302076778,0.7988693694633981
2023,M025,SARIMA,60.362989241958466,48.762714368842126,108013.63296524146,125946.21509713192,5.077832626703541
2023,M025,Driver Scenario Regression,14.776067252980207,16.17522187288047,27596.19143017825,31541.73730395606,1.297325507623736
2023,M026,Naive,14.149451140550498,16.213419192421625,29548.300000000003,42222.654196103664,1.2113037333018957
2023,M026,Seasonal Naive,14.639175210772892,16.446552166066716,28336.197500000006,35753.39579643229,1.1616147737544917
2023,M026,SMA(3),11.536411964316361,12.08282330090278,22835.108333333337,30900.06692914839,0.9361029898342679
2023,M026,"WMA(1,2,3)",11.563528124957813,12.099165658899762,22863.366388888884,30863.635900773043,0.9372614012552393
2023,M026,SES,11.190278989697767,12.437608928494145,23482.926875340596,35091.204125804645,0.9626596789986389
2023,M026,Holt,10.357844014234262,10.80370496522942,20537.294147985896,27667.75606322646,0.8419063388883452
2023,M026,Holt-Winters,9.162301429330597,9.575409396636186,17857.982574318343,21031.19268213739,0.7320705746696766
2023,M026,SARIMA,9.7692461630873,9.819787170172118,17910.894839769397,23053.597099916213,0.7342396613744387
2023,M026,Driver Scenario Regression,23.893271947157036,27.98835065761503,45695.368778339216,52120.58549348684,1.873237065949959
2023,M027,Naive,11.98690147728832,11.113944743798342,9741.48833333333,11403.425244277116,0.670985042442159
2023,M027,Seasonal Naive,15.69536661976369,14.05009584771992,13071.137499999997,16139.059348182023,0.9003283122758412
2023,M027,SMA(3),11.943114553915512,11.07583543244775,9705.629999999996,11372.903284060023,0.6685151523709219
2023,M027,"WMA(1,2,3)",10.057991688453779,9.474897487366334,8217.010833333336,9861.544945043264,0.5659803896583069
2023,M027,SES,11.694302089546982,10.864478873751715,9506.934960164946,11171.383353084664,0.6548292149479339
2023,M027,Holt,8.82359276607727,8.428055244187199,7281.656929943188,8301.563856116567,0.5015540456450278
2023,M027,Holt-Winters,7.486192828285239,7.763640449630501,6572.68574124384,8039.349743136436,0.45272074144530683
2023,M027,SARIMA,11.030160900615018,11.030201723297981,9567.207049418907,10969.109229119822,0.6589807027886331
2023,M027,Driver Scenario Regression,13.59498372171454,12.403677965201164,11491.951308714319,13994.312799939162,0.7915553735496171
2023,M028,Naive,14.731681946922443,16.09993146371934,36296.479166666664,41013.45240275428,1.188589017122595
2023,M028,Seasonal Naive,14.07729633051534,15.66790173356879,35064.784999999996,42691.700752448356,1.1482551282009823
2023,M028,SMA(3),15.78402682516221,17.375373550216903,38898.14583333335,43593.065764671715,1.2737849506459171
2023,M028,"WMA(1,2,3)",16.336944958795886,18.052670719458565,40265.10138888892,44975.996757625864,1.3185482003475624
2023,M028,SES,14.700302695904513,16.062171192241934,36218.901603373095,40937.69229155746,1.1860486098483118
2023,M028,Holt,9.48965111984346,9.947154109909071,23151.876422113055,27657.863856262386,0.7581469793459942
2023,M028,Holt-Winters,8.106301266907357,8.03566950395083,19044.03283079486,22623.335856777518,0.6236287591550345
2023,M028,SARIMA,27.307539906932586,23.551594288409696,61900.43057281466,65290.35114751733,2.027033299735997
2023,M028,Driver Scenario Regression,13.345100749937838,14.73479212862458,32849.756764925776,40823.11700555135,1.075720317848261
2023,M029,Naive,14.460690537130748,13.211542775794841,10539.6425,11890.646127694592,1.4503898083495084
2023,M029,Seasonal Naive,10.09303920314839,9.541625430024071,7802.513333333337,11200.717609811885,1.0737257756302288
2023,M029,SMA(3),18.69921314657054,16.822395813099288,13744.265833333353,14805.682848271019,1.8913870264492423
2023,M029,"WMA(1,2,3)",21.14658083340125,18.844397924870123,15594.649166666655,16537.729104616177,2.1460234743369586
2023,M029,SES,8.383861247440066,7.915599612562203,6067.405384325736,7309.229269207176,0.8349526971670035
2023,M029,Holt,7.239395196166583,7.03992460257183,5364.796224679057,5867.03752500535,0.7382646772076399
2023,M029,Holt-Winters,8.773804642343002,8.310134747127131,6525.475348979898,7977.528492963804,0.8979889916376571
2023,M029,SARIMA,38.086161184636346,31.13006859780806,28641.686540939903,31434.965928568916,3.941462934147958
2023,M029,Driver Scenario Regression,12.693861427717431,11.742666435893872,9668.960050321433,12109.012795552371,1.3305727508617826
2023,M030,Naive,9.793318001984359,10.735651072709702,8033.664166666666,11965.86266897453,1.0735181549610862
2023,M030,Seasonal Naive,9.626516347513437,10.35289929142801,7580.960833333335,10158.789266507514,1.0130245573868704
2023,M030,SMA(3),9.927702231577122,10.90168790291618,8145.617500000003,12093.932931334139,1.0884781947820705
2023,M030,"WMA(1,2,3)",10.205465688370372,11.235759679337683,8369.547499999999,12323.40066543897,1.118401392398156
2023,M030,SES,9.415960920090605,10.213539592008445,7676.794835765896,11402.783063373414,1.025830611926816
2023,M030,Holt,9.509055102198415,10.353383544580218,7773.100167966314,11567.095299599718,1.0386996490675113
2023,M030,Holt-Winters,12.860530658768774,14.141878921088006,10166.448768563243,13376.436415244665,1.358516748785481
2023,M030,SARIMA,9.748939815279394,10.547095511509724,7709.301792860988,10451.709416611628,1.030174434108096
2023,M030,Driver Scenario Regression,9.290447572719387,9.896670348291089,7326.149108052269,9807.921524153091,0.9789747131923401
2023,M031,Naive,10.500670951130598,9.795964129527075,2334.6333333333337,2808.186680932496,1.0704852539658978
2023,M031,Seasonal Naive,9.715178980479152,10.26470155119243,2398.348333333334,3328.2448339102107,1.099700106243816
2023,M031,SMA(3),8.960966963861493,8.76352217115544,2076.696111111112,2398.0590440465257,0.9522148648236427
2023,M031,"WMA(1,2,3)",9.366213571753978,9.023238272363887,2140.0144444444445,2459.9068142851806,0.9812478359421752
2023,M031,SES,8.560901351577927,8.639605570090847,2046.96,2450.220558341297,0.9385801462576709
2023,M031,Holt,8.386997925354045,8.629235318385838,2045.0647422048594,2597.4706883560543,0.9377111252027607
2023,M031,Holt-Winters,10.113211921065817,10.91532873868526,2539.6915562020636,3412.293588171847,1.164509356445414
2023,M031,SARIMA,10.794307526645724,10.84096250591729,2558.9755558303764,3000.7891521335764,1.1733515317647045
2023,M031,Driver Scenario Regression,10.33731334395236,10.695859973666145,2510.7939818070986,3116.6512410938753,1.1512591270310053
2023,M032,Naive,10.730702566913253,10.345425527356252,2807.749166666666,2884.8657775030592,1.1080472146053244
2023,M032,Seasonal Naive,10.444919448477615,10.215063024348547,2814.560833333333,3658.294445684354,1.1107353636630912
2023,M032,SMA(3),14.594235940324133,13.577585592607191,3739.8224999999998,3885.1253093551136,1.475879666687933
2023,M032,"WMA(1,2,3)",13.82689117750073,12.949185120220516,3554.7013888888882,3665.8047748220756,1.4028236636921847
2023,M032,SES,11.289372251845814,10.823509721012693,2942.5276363056278,3009.961670710206,1.1612360498635381
2023,M032,Holt,9.715782177688835,9.462036171470526,2561.458287486361,2680.659037296162,1.010851237878379
2023,M032,Holt-Winters,8.083932358332548,8.02969685787598,2170.6350161862106,2871.794418305334,0.8566171480571767
2023,M032,SARIMA,11.647759126276904,11.090765766220514,3088.5169963489134,3830.068273510523,1.2188491392656873
2023,M032,Driver Scenario Regression,9.46867240935418,9.159478289010732,2519.4547071661686,3312.0491169571433,0.9942749885717167
2023,M033,Naive,9.31599109274895,9.101149115275968,2477.7241666666664,2849.010322704184,0.8058672561550573
2023,M033,Seasonal Naive,6.50315237998553,6.400524935945852,1716.7108333333335,2378.8038887625157,0.5583515176877688
2023,M033,SMA(3),9.142387238073146,9.101957517263713,2477.7241666666664,2830.818939791197,0.8058672561550573
2023,M033,"WMA(1,2,3)",9.302386853393992,9.10126935379464,2477.7241666666664,2844.2270053356415,0.8058672561550573
2023,M033,SES,9.135463951535861,9.101956488274212,2477.7241666666664,2832.031606307983,0.8058672561550573
2023,M033,Holt,10.116470680722239,10.796494031561418,2905.3484813553446,3607.2451064828583,0.9449499021490868
2023,M033,Holt-Winters,10.514309936571136,9.993129205010641,2722.941428941432,3458.4158803814157,0.8856229307251902
2023,M033,SARIMA,54.073429163760764,41.801610464307174,14263.34082096202,14638.55765886713,4.639079476896205
2023,M033,Driver Scenario Regression,11.785386590285245,11.64941992617736,3149.2375985886974,3686.892210476642,1.024273604260502
2023,M034,Naive,14.370121535558065,13.457558962395435,9013.810000000003,9897.370712892221,1.3240752528536623
2023,M034,Seasonal Naive,8.711984896481008,9.397588612377483,6035.476666666666,8690.744492420274,0.8865757425005677
2023,M034,SMA(3),7.177028528645908,7.493763784232403,4981.63888888889,7493.2262855962135,0.7317732203619992
2023,M034,"WMA(1,2,3)",8.663926566134815,8.699520922689162,5748.867222222226,7404.948426173656,0.8444745142049835
2023,M034,SES,6.704079992337525,7.171342092713429,4784.248333333334,7882.546704127246,0.7027777179320448
2023,M034,Holt,10.555134784908542,11.618735523252914,7403.777169797498,10501.48563919627,1.0875709747788993
2023,M034,Holt-Winters,12.462614427493163,13.550926081216689,8346.889469971271,9863.768302704597,1.2261085806660867
2023,M034,SARIMA,8.24327945139645,8.185056583032992,5448.754979788608,8054.282026066129,0.800389804932792
2023,M034,Driver Scenario Regression,5.859993456182345,5.738157994224114,3860.9304407714894,4890.179874888443,0.5671477931767932
2023,M035,Naive,18.78857122713361,17.061989820058518,24914.71166666666,28451.78303370077,1.1359691773321101
2023,M035,Seasonal Naive,15.668177331701639,17.48812316147825,22797.5725,27219.941988137572,1.0394396702026512
2023,M035,SMA(3),10.579813765222102,11.205546858971179,15961.931111111104,24292.120988197996,0.7277732929648876
2023,M035,"WMA(1,2,3)",10.02914995616861,10.094455355463662,14468.388333333334,22523.012836283262,0.6596762351589797
2023,M035,SES,10.150169806872471,10.095416362841785,14468.388333333334,22463.31424988061,0.6596762351589797
2023,M035,Holt,8.892954207623093,8.961309278264752,12889.658721491229,18661.20041645493,0.5876951421249595
2023,M035,Holt-Winters,9.06567700896243,8.947625204440344,12477.190443738851,14874.555935480608,0.5688889341132958
2023,M035,SARIMA,11.37558750647134,10.806828687643982,15371.013213160739,19363.20220971508,0.7008307970056195
2023,M035,Driver Scenario Regression,130.67493351783003,73.39380069683065,189028.09537495315,223219.36748392574,8.618606262380638
2023,M036,Naive,7.6160896928607,7.369969875518205,15598.577500000001,18729.80863236884,0.6506798834398132
2023,M036,Seasonal Naive,11.435922207978415,11.888072762791655,25463.6125,32130.99261935001,1.062190473038748
2023,M036,SMA(3),10.691005446647976,9.773332711902698,21158.24305555555,27348.774546995646,0.8825960652617281
2023,M036,"WMA(1,2,3)",7.926086067966982,7.4936257851084775,15881.88722222222,20236.800777980567,0.6624978801150176
2023,M036,SES,7.727140520997809,7.576781449271776,16042.760470128485,18488.097164484345,0.6692085552516597
2023,M036,Holt,7.11037996783311,6.674683348400374,14039.559318549707,18949.770559317494,0.5856469169025359
2023,M036,Holt-Winters,8.556578857242297,8.03602880167989,17460.117442688006,22002.308448381515,0.7283322586597195
2023,M036,SARIMA,10.565658938766704,9.761273158758677,21991.192837557162,31000.7865037515,0.9173417763410894
2023,M036,Driver Scenario Regression,11.516032874618292,11.772195873894802,25072.991955452122,30385.37943868602,1.045896107068799
2023,M037,Naive,6.646272146397269,6.628923591351941,2142.4141666666665,2763.4873341109537,0.5912791229859251
2023,M037,Seasonal Naive,10.831463473983828,10.892652665870408,3509.875833333333,4352.689558256863,0.9686811900388821
2023,M037,SMA(3),6.672551385635614,6.650827782727002,2149.465277777776,2766.2620848161987,0.593225140174721
2023,M037,"WMA(1,2,3)",7.033619684984865,6.950190356026632,2246.345277777777,2820.220330664195,0.6199627907775466
2023,M037,SES,6.319562539783133,6.3552783840526414,2054.753115431143,2742.4130268396293,0.5670857852545896
2023,M037,Holt,7.111603166484922,7.012139705562779,2266.515563898769,2836.5289334053173,0.6255295337880967
2023,M037,Holt-Winters,9.365510276115396,9.60824499183308,3061.4641226527106,3469.0270853858456,0.8449252481892364
2023,M037,SARIMA,26.745464658782154,23.150372024317914,8225.20678825364,8782.708039023846,2.270052696535018
2023,M037,Driver Scenario Regression,11.539163216702864,10.656265099001597,3551.272763989605,4496.879925937472,0.9801062175772469
2023,M038,Naive,11.111015356460562,12.35094928443058,8795.803333333331,12739.909910356506,1.0085205225788016
2023,M038,Seasonal Naive,16.033475858743778,18.647607416607944,12363.42416666667,17426.37343252773,1.4175813770389052
2023,M038,SMA(3),10.247702910223067,11.24905223179998,8089.567222222217,11844.793033921882,0.927543994926963
2023,M038,"WMA(1,2,3)",10.52721978566142,11.647659972157003,8348.252222222225,12286.490787896657,0.9572046321077214
2023,M038,SES,11.34668969275847,12.631262599791935,8972.771933833283,12908.236526251063,1.0288116158073055
2023,M038,Holt,8.76922159634933,9.416653404235447,6874.35175031293,10179.55725987638,0.7882082576064985
2023,M038,Holt-Winters,9.795239373972995,10.515671220184704,7532.104520028184,11458.67478054506,0.8636257199918803
2023,M038,SARIMA,11.42421996754834,11.050717855870388,7883.3119737845545,8959.3920035765,0.9038949155812859
2023,M038,Driver Scenario Regression,20.23198507363345,23.329005129470644,15130.277758931916,18341.719472912246,1.734826832061249
2023,M039,Naive,3.489798260815799,3.4960003694400825,1116.4600000000003,1409.6645606845627,0.2774079872882212
2023,M039,Seasonal Naive,7.841947232613235,7.591159224569576,2479.5991666666664,2954.873611872708,0.6161086058672502
2023,M039,SMA(3),3.590524684207504,3.5837861895561325,1144.4511111111121,1416.8186632087636,0.2843629680267111
2023,M039,"WMA(1,2,3)",3.915308601759747,3.8756199119357952,1238.0883333333343,1472.3201168705361,0.3076291068511442
2023,M039,SES,4.590621821474073,4.490815839213921,1437.9987612435962,1664.0809947840232,0.3573010605660223
2023,M039,Holt,3.800063199381919,3.8194336208210515,1219.2640938812572,1488.1028686480988,0.30295182832917994
2023,M039,Holt-Winters,7.291589871260267,7.8349909967207045,2384.454765282891,3366.659480496752,0.5924679766556209
2023,M039,SARIMA,45.93614580211824,37.16396834802451,14504.288885467977,14672.936777832916,3.603895873353803
2023,M039,Driver Scenario Regression,8.714900274277024,8.475084511593332,2765.1171487091992,3594.617790097087,0.6870515583536927
2023,M040,Naive,6.878824236547004,7.08826939356773,4036.1383333333347,5126.899117939943,0.586384261391149
2023,M040,Seasonal Naive,9.406457569623546,10.188401411014024,5679.584999999999,7488.946385264529,0.8251499280211111
2023,M040,SMA(3),8.990800237005953,9.534093082263126,5351.262222222223,6521.498249308462,0.7774500491653454
2023,M040,"WMA(1,2,3)",7.905433541806844,8.29591901783087,4691.983333333333,5862.95538637938,0.681667711597987
2023,M040,SES,9.345307443890865,9.931079666690849,5560.1530953800675,6701.828965151187,0.8077984441537932
2023,M040,Holt,7.489290179332121,7.246003631021436,4150.831880196953,5313.4446218534285,0.6030473401088723
2023,M040,Holt-Winters,8.67442824303909,8.929810916375642,5074.003912606474,6266.578335702716,0.7371689944364014
2023,M040,SARIMA,47.90435350416389,38.23707503621734,26826.831940889548,27284.180650004844,3.8974957580632137
2023,M040,Driver Scenario Regression,21.496329279516615,25.30112695707353,12708.89997291712,15119.302232706616,1.846393336463855
2023,M041,Naive,6.978625602433035,7.044184608433827,3270.951666666666,3973.437659076414,0.7047212551232954
2023,M041,Seasonal Naive,7.566480357424522,7.72611749026932,3603.8399999999997,5194.665165515161,0.77644150903999
2023,M041,SMA(3),7.027187018044824,7.115454520031449,3303.5361111111083,4025.6163599917595,0.7117415210661987
2023,M041,"WMA(1,2,3)",7.845848726216335,8.093139141041693,3744.6466666666643,4478.828398204897,0.8067780780190668
2023,M041,SES,6.806196726412418,6.750409075295251,3135.38665250518,3780.8724161091086,0.6755139917129964
2023,M041,Holt,7.229898639380651,7.404797070378271,3434.6366214964587,4178.4337832474885,0.7399869143465647
2023,M041,Holt-Winters,9.369581548325073,9.845832853024843,4449.60691538832,5412.028568703391,0.9586606253382177
2023,M041,SARIMA,11.802045416835133,10.720751272690016,5205.567786231164,6637.57355628579,1.1215311743449448
2023,M041,Driver Scenario Regression,8.355727480801006,8.292653387690951,3838.0518149373893,4742.796932120889,0.8269020663968598
2023,M042,Naive,9.446716271313264,10.230714371153967,17862.8025,24837.87656529925,0.8830170883261043
2023,M042,Seasonal Naive,19.690416937726056,22.587979865759614,35525.246666666666,41383.43718893506,1.756129805144889
2023,M042,SMA(3),13.62191354792218,15.141731412198014,25436.1291666667,32308.080783671237,1.2573915383678862
2023,M042,"WMA(1,2,3)",13.336332131706644,14.814476520912349,24946.260833333323,31923.83665077828,1.2331757352002028
2023,M042,SES,15.100786188272236,16.852544947335048,27972.893936380733,34340.91163782465,1.3827921657734192
2023,M042,Holt,8.373705721816318,8.943846083264678,15713.083245814407,21677.297665989005,0.7767493939623823
2023,M042,Holt-Winters,11.296019227697434,12.405709888975592,20976.03784687415,27444.332889914545,1.0369145526949075
2023,M042,SARIMA,23.27266752666661,20.37767729533981,38401.38844471419,42270.182567581935,1.8983069544731979
2023,M042,Driver Scenario Regression,23.9674341702782,27.83759151271777,43099.644998631054,47810.34495043845,2.1305572311276424
2023,M043,Naive,9.213535960666732,9.867729484116031,6896.3241666666645,9949.095420245918,1.2122446895925978
2023,M043,Seasonal Naive,12.909501114732889,13.715208268261195,9297.075833333334,11597.23053025484,1.6342518906192196
2023,M043,SMA(3),9.778585006856257,10.522654521508459,7316.515277777776,10290.429049363862,1.2861064209654522
2023,M043,"WMA(1,2,3)",9.69404848660803,10.424290645763397,7253.6508333333295,10237.618053191944,1.2750560284519572
2023,M043,SES,9.926414497816378,10.694988108738444,7426.446687237564,10384.192491353755,1.3054303048369773
2023,M043,Holt,8.504303854372692,8.552321225045755,6017.158238894382,7968.183024297697,1.0577037774405758
2023,M043,Holt-Winters,8.347727983823141,8.780205199368867,6169.517758614306,8568.667774569747,1.0844857288433374
2023,M043,SARIMA,12.64076519795462,12.99306173339176,8908.875856626237,11058.877080510061,1.566013601801858
2023,M043,Driver Scenario Regression,14.280110784184332,15.898102526761296,10536.912324412939,13259.082622142063,1.8521919360624195
2023,M044,Naive,6.896099475894303,7.287839790599245,5791.05333333333,7396.717472394987,0.42404032409875
2023,M044,Seasonal Naive,12.649511075975523,12.628213591093054,10459.180833333336,13652.242383613213,0.7658562570725368
2023,M044,SMA(3),5.498698633060763,5.66276881873039,4554.38,5624.474096159272,0.33348695998923616
2023,M044,"WMA(1,2,3)",6.866535475377865,7.2549759860891445,5766.372222222218,7370.029671936912,0.4222330904657195
2023,M044,SES,5.733820969740305,5.790677455835377,4654.609255368309,5180.371797553469,0.3408260818180608
2023,M044,Holt,5.525392800784106,5.624530025753883,4523.584268824522,5405.5798313938785,0.3312319933921679
2023,M044,Holt-Winters,6.600108427930842,6.665877076019284,5370.968859006967,6505.521801462394,0.3932803316778771
2023,M044,SARIMA,32.045190959716294,26.95674971674907,25397.681228851765,27717.391300244137,1.8597032974379528
2023,M044,Driver Scenario Regression,7.2536121766878,7.484516070531994,5892.895566639264,7592.999743637775,0.431497553575366
2023,M045,Naive,9.346700949850256,8.79005112943146,5487.218333333335,6669.171159740669,0.7012780316602018
2023,M045,Seasonal Naive,16.464034842602157,17.559304620086056,10341.316666666668,11247.233796878681,1.321641997133612
2023,M045,SMA(3),9.486770051644957,9.903903377908385,6121.469999999998,7274.839462310031,0.782336727224627
2023,M045,"WMA(1,2,3)",8.999867317821069,9.257056346871,5736.563888888886,6737.771092187433,0.7331449175358715
2023,M045,SES,10.304103937555608,10.917128618575035,6713.702169770717,8004.031971258937,0.8580252428026767
2023,M045,Holt,8.69145937549333,9.137080943730068,5672.569902557312,6988.728691366696,0.7249663516311622
2023,M045,Holt-Winters,10.570321515325642,11.025164622569635,6717.523579759199,7791.572777579957,0.8585136270279972
2023,M045,SARIMA,33.1639017424733,27.939280414545408,20113.56181537196,20958.790797558337,2.5705554586509987
2023,M045,Driver Scenario Regression,15.807533504638519,16.987413910223466,10038.23904859663,10907.673445096021,1.2829080407773856
2023,M046,Naive,8.321919378755078,8.888248767749166,16877.17583333333,21720.376949693065,0.8978074821387053
2023,M046,Seasonal Naive,9.538554120858485,10.17942221444556,18399.54,21507.74271022841,0.9787919995052725
2023,M046,SMA(3),7.6136563710498315,7.812952467114544,14923.25305555555,17227.40546971443,0.7938655367128952
2023,M046,"WMA(1,2,3)",7.696917121012026,7.965752944860693,15207.042222222224,17871.84476449332,0.8089621405344912
2023,M046,SES,7.811346478834776,8.177520689800302,15597.067679757323,18972.36622109607,0.8297101482259193
2023,M046,Holt,7.584859781211338,7.266557240240422,13916.557898118497,16834.301902875104,0.7403128301756617
2023,M046,Holt-Winters,8.112493613906022,8.073141578268466,15529.534877680386,18248.779258092807,0.826117636327411
2023,M046,SARIMA,15.255573943485242,13.947681239252594,28156.642414626025,30914.488577900654,1.497836159402179
2023,M046,Driver Scenario Regression,9.55686606205374,10.34974119865373,18720.81752620503,23876.17428066792,0.9958828546174291
2023,M047,Naive,8.335217114906941,8.332671555428716,4058.6475000000005,5912.186763911895,0.9921006788132217
2023,M047,Seasonal Naive,12.06899197130854,13.17204822353487,6187.176666666667,7883.632898740278,1.512400909647198
2023,M047,SMA(3),9.516878541273279,9.814110076267196,4755.44916666667,6356.679015066886,1.1624277166991646
2023,M047,"WMA(1,2,3)",8.558185226663676,8.64700549737516,4208.266666666664,6011.840519210818,1.028673767955224
2023,M047,SES,11.606105291988001,12.319797456982997,5894.220800598997,7283.741478668912,1.440790425221524
2023,M047,Holt,8.670993405821832,8.631240430970795,4197.205992740591,5790.098582465177,1.025970083511037
2023,M047,Holt-Winters,12.125513630723544,13.316080004011162,6318.852199428461,8069.946871207579,1.5445878353252886
2023,M047,SARIMA,17.349310450514697,19.7630567414712,8871.079143800356,10731.08366734542,2.1684572607919623
2023,M047,Driver Scenario Regression,11.150760025484779,11.92785069055561,5675.301871838715,6884.0206527903965,1.3872776188425173
2023,M048,Naive,13.741586946563913,12.591924829967116,8811.719999999994,9978.196061717093,1.1569483249105683
2023,M048,Seasonal Naive,10.54054941271295,10.569940527419945,7185.435833333332,8297.598302597866,0.9434228449300907
2023,M048,SMA(3),11.389642182163097,10.558956975194146,7284.670000000001,8510.770098708263,0.9564519474093908
2023,M048,"WMA(1,2,3)",15.314579265933034,13.922279604898444,9833.018611111105,11020.782649136001,1.29104129624403
2023,M048,SES,7.070745297394719,6.851855073978721,4609.824917861045,5754.985302519069,0.6052540499301314
2023,M048,Holt,7.665547809619373,7.3265726507102835,4941.888916622459,6167.368742218669,0.6488529031767307
2023,M048,Holt-Winters,7.474553303560162,7.430868988324825,5093.318997567995,6036.360228606951,0.6687351484694783
2023,M048,SARIMA,13.691660253451607,14.828366638236057,9467.164392677558,11035.229991743518,1.243005904155067
2023,M048,Driver Scenario Regression,8.905110702018035,8.862288873943118,6058.165764284041,7038.044961088,0.7954161881016395
2023,M049,Naive,6.496244806001496,6.692325344734347,4692.773333333334,7765.648249193365,0.6730153820651669
2023,M049,Seasonal Naive,11.445563081946668,12.61593757952798,8217.0875,11353.959251358458,1.1784558704324248
2023,M049,SMA(3),10.856832863320532,11.887960719498803,7927.383888888892,10891.483726544231,1.1369079471324286
2023,M049,"WMA(1,2,3)",9.259738145202876,10.067483073396987,6821.148333333331,9944.447032831938,0.9782568697859204
2023,M049,SES,9.45930175011992,10.297997099086793,6962.757961188127,10078.939751868298,0.9985658536266349
2023,M049,Holt,6.2062607679758495,6.576757510562274,4606.806874833974,8155.597755166428,0.6606864787062995
2023,M049,Holt-Winters,8.268578289950405,8.783942163156334,5994.129312410206,9457.642992352672,0.8596497087734409
2023,M049,SARIMA,24.13590351962971,21.36906615312573,15732.582515385002,16408.482048848808,2.2562926611549385
2023,M049,Driver Scenario Regression,18.806858651485502,21.47952701426841,13325.757159075074,16165.383247984657,1.9111171387756225
2023,M050,Naive,5.947820585873004,6.077747030701809,3488.079166666668,5707.593099850264,0.47737071146933635
2023,M050,Seasonal Naive,8.171414036833184,8.451383808214526,4824.573333333334,6852.855356969823,0.660280313210395
2023,M050,SMA(3),7.073782826097369,7.624443645256464,4313.275833333334,6796.086216205825,0.590305281198509
2023,M050,"WMA(1,2,3)",6.621627452346666,7.062071260443632,4017.9341666666637,6363.816117209728,0.5498854814157133
2023,M050,SES,6.096970983020024,6.417952743133427,3674.0563519717107,5979.569395729713,0.5028231329953576
2023,M050,Holt,7.645720554086556,7.6269657850454236,4362.513734267679,6002.843774678519,0.5970438701688812
2023,M050,Holt-Winters,5.989034209247901,6.198531762594675,3575.6473317554005,5591.2239479984655,0.4893550946421588
2023,M050,SARIMA,30.3682235669047,25.47801034854091,16228.76873686581,18194.137336756376,2.221032983489419
2023,M050,Driver Scenario Regression,9.8456051094385,10.35921527581915,5685.362178825325,7709.82777329858,0.7780859489093307
2024,M001,Naive,17.44105602083318,15.503778921825015,9690.353333333342,11277.692608321237,0.644807079237088
2024,M001,Seasonal Naive,18.73967699063365,16.835903583424606,10773.959166666667,11767.007966980178,0.7169114379122721
2024,M001,SMA(3),12.346330289726122,11.221322284203321,6774.018888888892,8409.81768717274,0.45075088432702215
2024,M001,"WMA(1,2,3)",13.492211533737834,12.173445354842622,7408.2944444444465,9125.433402301447,0.4929562977253562
2024,M001,SES,14.037656171365857,12.62146270363489,7710.21246811774,9480.646011757219,0.5130462647592873
2024,M001,Holt,10.645661491994762,11.727456773437254,6736.707808448732,9012.06192724599,0.4482681628024063
2024,M001,Holt-Winters,11.251547110623472,11.954502889617542,6881.581431617306,7871.610441240108,0.4579082176693932
2024,M001,SARIMA,8.915855874078014,8.962241043831797,5232.558992467651,6400.786126555538,0.3481803980524435
2024,M001,Driver Scenario Regression,17.857429161810437,15.768505936089552,9987.21647545226,11889.45627489294,0.664560688730809
2024,M002,Naive,11.628438590788608,10.803121897095517,11603.158333333335,13936.931743204219,1.060898072957221
2024,M002,Seasonal Naive,10.53729530513597,10.308746400101732,11037.538333333332,14754.250854489363,1.0091823977257446
2024,M002,SMA(3),9.067857474251372,8.778976443761772,9320.986111111108,11063.425006955724,0.8522348759932858
2024,M002,"WMA(1,2,3)",9.655892095670232,9.219310152652389,9806.738333333325,11697.287692258682,0.8966480936436731
2024,M002,SES,8.300516496893039,8.27622987718709,8780.548881751116,10536.24239640334,0.8028217077238113
2024,M002,Holt,7.937898734728198,8.078577094910367,8574.393056617593,10662.133439949794,0.7839725020739364
2024,M002,Holt-Winters,9.407707448236703,9.262036000441887,9980.585453034195,13512.837523400833,0.912543255028309
2024,M002,SARIMA,11.647817699042164,10.922724164056225,11880.410534688104,14748.938397170998,1.0862477508372024
2024,M002,Driver Scenario Regression,9.808155628104979,9.886271094434475,10608.729579874109,13211.510463981778,0.9699756259879854
2024,M003,Naive,15.747889958721403,17.83136926858816,34108.945,45830.46991953043,1.4447881786607213
2024,M003,Seasonal Naive,18.983460456117644,19.56574191745367,38841.72083333333,47099.82786382124,1.645259303647177
2024,M003,SMA(3),12.036740645462135,13.253669109734034,26291.141666666652,38655.655213703416,1.113641324394358
2024,M003,"WMA(1,2,3)",13.517526050600978,15.063028732497799,29440.295000000016,41417.10135466328,1.2470332985169832
2024,M003,SES,9.25462124910464,9.943076713129683,20319.270423907827,34437.894022604916,0.8606845420599333
2024,M003,Holt,10.660773164012973,10.903009018895691,22138.01199291393,32409.020442038745,0.9377228766944073
2024,M003,Holt-Winters,15.550558360314218,15.332083731387758,31088.555172048964,40908.521667497575,1.316850374710152
2024,M003,SARIMA,13.47576192612651,13.73472963300901,27733.535608828286,39858.537581179175,1.1747383098510165
2024,M003,Driver Scenario Regression,19.191221414844016,19.97672896713486,39824.80412744618,49191.55624449595,1.6869007886586038
2024,M004,Naive,11.811829982129463,11.145687081347566,8515.198333333336,9806.368830962187,0.5038521918095338
2024,M004,Seasonal Naive,23.118484032760474,20.3806321665348,16797.0475,18796.083279719696,0.9938968967609306
2024,M004,SMA(3),18.51328264184769,16.71765132471779,13186.326111111115,14185.238977274937,0.7802471595981952
2024,M004,"WMA(1,2,3)",15.792820577623964,14.479955975632114,11268.203888888887,12354.917406763816,0.6667500867182827
2024,M004,SES,16.745947239544286,15.271498442308362,11940.227018659505,12979.110324783116,0.7065143192853803
2024,M004,Holt,7.448014510798089,7.4476906519535095,5683.008279064201,7620.4568251363,0.33626887658849486
2024,M004,Holt-Winters,8.86335695282096,9.285546526345907,6985.526823348641,10242.15601155546,0.413340108252147
2024,M004,SARIMA,11.792999592056008,12.207501403048205,9208.649507934735,12677.604603571266,0.5448843416853708
2024,M004,Driver Scenario Regression,16.327879434886587,17.698428913461495,12700.846411517132,16935.383213718607,0.7515208750016381
2024,M005,Naive,7.567018732919037,7.272408085312117,2220.7658333333334,2552.707632999714,0.319102180821364
2024,M005,Seasonal Naive,13.577108467743578,12.518561923388196,4081.8316666666674,4675.442934152516,0.5865190138592744
2024,M005,SMA(3),8.911965719619952,8.3120589371366,2559.8475,3231.250102992047,0.3678248771479133
2024,M005,"WMA(1,2,3)",10.742499816559189,9.889022512668284,3087.7158333333305,3862.498608800539,0.44367435836060504
2024,M005,SES,10.260103406554189,9.457659329331314,2942.2495517077987,3737.656454958174,0.4227722861988552
2024,M005,Holt,9.104253108830772,9.784311044825717,2889.3181533354395,3639.5219089536017,0.41516656550511066
2024,M005,Holt-Winters,12.969958305787399,14.14444580369049,4070.8887903854097,4690.189564084293,0.5849466302997857
2024,M005,SARIMA,6.203433500871499,6.314814633252817,1903.886999063079,2316.5889109068544,0.2735698128634172
2024,M005,Driver Scenario Regression,7.185912059606288,6.829286663743568,2131.748204675962,2617.025853866046,0.3063112242019184
2024,M006,Naive,13.892476730554169,12.729813552845046,34268.30166666669,38491.794703339496,1.1373491674851044
2024,M006,Seasonal Naive,15.547624198177253,17.105750866486773,40927.5425,47157.58855661912,1.35836630721811
2024,M006,SMA(3),8.722864177368166,9.19512569410889,23080.479444444452,26513.81684786235,0.7660304947890165
2024,M006,"WMA(1,2,3)",5.758597101978681,5.797082396130398,14788.9,18090.31543324946,0.49083678749629067
2024,M006,SES,8.073671727232018,8.454903251686098,21310.82724691031,24585.044931635555,0.7072965524658276
2024,M006,Holt,7.275904623683356,7.555137237599567,19054.269834941926,22012.916887500054,0.6324024500720387
2024,M006,Holt-Winters,9.136872928162223,9.265858739763756,23523.055336143443,27116.85140404509,0.7807193850313495
2024,M006,SARIMA,10.485885606551827,10.373667589128315,26665.16509718348,30856.094486690417,0.885004562500237
2024,M006,Driver Scenario Regression,15.606784472252189,17.01114700608855,40982.01144882041,46562.3198601342,1.3601741065714974
2024,M007,Naive,7.3800950703375054,7.786490326663747,11603.061666666666,15383.648226744956,0.6597502774413428
2024,M007,Seasonal Naive,9.572059587094255,9.618623497408342,14291.378333333332,18188.515381212394,0.8126080073781556
2024,M007,SMA(3),7.018398635593488,7.330330621747547,10956.666111111112,14362.139381103132,0.622996215507865
2024,M007,"WMA(1,2,3)",7.063967122839811,7.408380360323265,11068.527777777776,14698.49666340745,0.6293566717166257
2024,M007,SES,6.976964042492413,7.259610210472475,10854.952340871445,14077.112213475273,0.617212768857055
2024,M007,Holt,6.7795821626588815,6.715920697724669,10064.05526890594,12880.44560694699,0.5722423483209131
2024,M007,Holt-Winters,8.359382878812148,8.572742652566218,12665.050735829018,15957.669912525409,0.7201349934023342
2024,M007,SARIMA,8.858655395760612,8.504669647508067,13112.495949789865,16779.558187596595,0.7455767356365006
2024,M007,Driver Scenario Regression,10.314411443478084,10.33694831490648,15470.989471889532,19343.737993590297,0.8796807161418355
2024,M008,Naive,12.03692723226987,11.124198375072131,5667.104166666665,6757.388903007703,0.8245222353448546
2024,M008,Seasonal Naive,9.823738984308909,9.219746929008037,4738.6241666666665,6589.767340647038,0.6894351816118579
2024,M008,SMA(3),9.200120625387685,8.888667543851197,4465.638055555555,5125.170184375182,0.6497176977026422
2024,M008,"WMA(1,2,3)",10.626509458717985,9.982399521146,5045.9800000000005,5952.551561936604,0.7341532088958599
2024,M008,SES,8.929850220329145,8.71481477118769,4375.693018236959,4967.013206953177,0.6366313521817116
2024,M008,Holt,8.00753513698357,7.9844780412423155,4007.731253724556,4578.875543855903,0.5830956048803424
2024,M008,Holt-Winters,7.777821507279224,7.97116052634886,4036.4201102282464,4992.928311895666,0.5872696238145706
2024,M008,SARIMA,22.87043958864703,20.117519960155402,11003.291625563686,11934.225429651226,1.600898508381825
2024,M008,Driver Scenario Regression,9.656155334601753,8.895718757903936,4627.013253117848,6267.605145971927,0.6731966094554752
2024,M009,Naive,11.577378549583466,12.507113924006374,9587.984166666665,11647.72185995935,0.9275796416506649
2024,M009,Seasonal Naive,10.47511644383793,11.209647566759333,8503.695833333335,10627.218826624316,0.8226812848953482
2024,M009,SMA(3),9.36118060329884,9.248116466603822,7218.580277777775,8351.426493887302,0.6983541056071136
2024,M009,"WMA(1,2,3)",9.14145674463065,9.424816726615726,7351.304166666662,8982.060417230274,0.711194341380765
2024,M009,SES,9.578193536165667,10.054665615562081,7821.345980927524,9671.333872239073,0.7566680520225397
2024,M009,Holt,8.543801367089463,8.763965563546039,6849.044705142957,8377.687658264342,0.6626037676754495
2024,M009,Holt-Winters,9.158816167704904,8.896290990467303,7034.121675330817,8507.745232900284,0.6805088483160165
2024,M009,SARIMA,10.612225470688324,9.991917643860106,7895.222735326453,9315.822449383046,0.7638151824495915
2024,M009,Driver Scenario Regression,14.38893529078622,15.773424523728355,11743.893275010863,14367.198717912068,1.1361508452934168
2024,M010,Naive,6.870462851380502,7.143990780470126,18062.35166666667,23446.58952552944,0.6637362203937148
2024,M010,Seasonal Naive,12.216770936726599,13.425625433974545,32083.795000000002,39371.689836284444,1.1789814096292979
2024,M010,SMA(3),7.763613197515028,8.142781428864307,20463.145000000008,25597.557478023828,0.7519580379300119
2024,M010,"WMA(1,2,3)",8.152885668813804,8.572030144196006,21484.74361111112,26410.452846628694,0.7894986646109613
2024,M010,SES,8.338106367377955,8.777013211819435,21970.83297615367,26808.26946393501,0.807360963157741
2024,M010,Holt,6.567808055238704,6.604102731640545,16721.327922030876,20084.324134100163,0.614457696303997
2024,M010,Holt-Winters,9.009630504942344,9.23388876039623,23254.913328724142,26845.38630438567,0.8545469916232271
2024,M010,SARIMA,8.088410268219368,8.278184023300158,20572.939696720037,25209.352512763635,0.755992657472644
2024,M010,Driver Scenario Regression,13.378298059967781,14.615954672684012,35094.00275807761,40283.114969009795,1.2895973447421916
2024,M011,Naive,13.211300421256208,12.246903347461478,19559.906666666666,22586.727723487307,1.3547234025852146
2024,M011,Seasonal Naive,11.662368246742156,11.502283798819825,18129.455000000005,22836.739082366457,1.2556500081092177
2024,M011,SMA(3),9.083251055465565,9.01063949279609,14212.08666666667,18554.582120102816,0.9843322227970396
2024,M011,"WMA(1,2,3)",10.031025998665937,9.684590088591516,15291.625000000005,19034.443154198572,1.05910128325717
2024,M011,SES,9.100669704463964,9.174117322215452,14466.308125343305,18766.414611186676,1.0019396564815521
2024,M011,Holt,9.415917912064572,9.702478631137234,15274.458487221838,19801.6569946018,1.0579123268374038
2024,M011,Holt-Winters,11.153266737793889,11.07807167218766,17467.8179971999,21196.84232119594,1.2098248849639655
2024,M011,SARIMA,12.805840303594195,12.283086194398553,19556.727575462286,22607.66851021008,1.3545032180349035
2024,M011,Driver Scenario Regression,12.155469386684688,12.450180922693297,19463.338435538386,23130.22384582195,1.3480350658316103
2024,M012,Naive,17.36176697064985,19.28271990765543,35099.742500000015,38194.45037979308,1.615537537301567
2024,M012,Seasonal Naive,11.583856496296486,12.60791319074297,23399.748333333333,29315.20036922541,1.0770213427038609
2024,M012,SMA(3),8.99942114340698,9.552789265144177,18424.459166666657,21987.777367272127,0.8480234687827103
2024,M012,"WMA(1,2,3)",10.588826779686167,11.389192084166345,21712.601944444436,25603.15181391806,0.9993669746647562
2024,M012,SES,10.351766327237582,11.119452966547193,21234.96144181308,25141.897034839214,0.9773825922626191
2024,M012,Holt,6.868710754212971,6.750793230263001,13146.744776726402,15081.151165059833,0.6051058545550527
2024,M012,Holt-Winters,7.600970745300757,7.5287563806654845,14618.76584571501,19060.82305063137,0.6728586391417167
2024,M012,SARIMA,7.224483042685974,7.138890483565402,13868.373181020792,18033.91449796185,0.6383202798495009
2024,M012,Driver Scenario Regression,17.073314571211892,19.108577368068396,34582.52868690845,38925.465187208596,1.5917317122343235
2024,M013,Naive,7.283406535172103,6.852273970314997,4794.447499999995,6207.308654731797,0.7766032448586618
2024,M013,Seasonal Naive,10.842552052480876,11.557386599288318,7520.630833333334,8801.760010590213,1.2181896472014293
2024,M013,SMA(3),5.4277332091665045,5.246683732013887,3622.504722222218,4476.786604654487,0.5867722864404299
2024,M013,"WMA(1,2,3)",5.659274698231451,5.444659967123624,3764.2541666666634,4668.11977791469,0.6097328212074639
2024,M013,SES,4.797259680946956,4.727725739616928,3255.498592930909,4090.991270312718,0.5273247378145145
2024,M013,Holt,4.888835023157798,4.823054325872758,3321.674813986809,4072.1546445761664,0.5380439433130617
2024,M013,Holt-Winters,8.666550220462382,9.086588197676548,6078.374726623307,7122.3204652158865,0.9845734125073946
2024,M013,SARIMA,7.19641578243668,7.269282994947425,4969.5447086115455,6195.455136737904,0.8049654409977215
2024,M013,Driver Scenario Regression,11.354499499369803,12.307397437759526,8032.228384043992,9472.096715503727,1.3010580732179082
2024,M014,Naive,20.372603828351455,22.75786954849397,27693.720000000005,28245.719379129532,2.472460900988322
2024,M014,Seasonal Naive,11.033385241261398,11.568263550869078,15001.180833333332,18006.489018867847,1.3392867797851669
2024,M014,SMA(3),3.6127952133168972,3.6326790782016625,4895.165555555556,5685.009755246201,0.43703429658333687
2024,M014,"WMA(1,2,3)",6.750401807575833,7.068443898257162,9329.826666666666,10859.291019038848,0.8329553287290957
2024,M014,SES,6.949015382400601,7.28129747048646,9597.574751526327,11090.174792007067,0.8568595449604295
2024,M014,Holt,4.353830345014714,4.374417638935859,5886.779423660527,6750.5368363311245,0.5255643502477536
2024,M014,Holt-Winters,8.226864141328386,8.255953313608051,11073.61773980611,11560.016902913807,0.9886388283755766
2024,M014,SARIMA,8.158315469913186,8.458889326129958,11123.886498312393,12458.169839609833,0.9931267606558196
2024,M014,Driver Scenario Regression,13.253979320192055,14.340386554562299,18137.805167290742,20765.595837574783,1.6193207018006357
2024,M015,Naive,8.508171993690189,8.146596767565455,9634.362500000001,12160.426576147525,0.5927188676697048
2024,M015,Seasonal Naive,10.951296508570291,10.989582453552151,13009.397499999997,15527.503492425678,0.8003555352276901
2024,M015,SMA(3),8.736879469184748,8.797618095519288,10405.03527777778,11755.50508601715,0.6401316877902175
2024,M015,"WMA(1,2,3)",8.569719946257052,8.449942999416619,9995.221666666666,11570.780250039683,0.6149194062787616
2024,M015,SES,8.715248743732989,8.752324373498732,10352.004702234844,11702.69970536549,0.6368691758505138
2024,M015,Holt,8.418789886808408,8.174032465147537,9664.759893384775,11685.217973201467,0.5945889559694895
2024,M015,Holt-Winters,9.216644717826476,9.021719767587783,10681.336212367367,12966.85548538954,0.6571300908590266
2024,M015,SARIMA,11.817045003445424,11.566731042563545,13885.181268348004,17863.91085900203,0.8542349240817775
2024,M015,Driver Scenario Regression,8.213543778569168,7.990205514016124,9459.815448175646,11860.939133962127,0.5819804995719281
2024,M016,Naive,10.755580371736617,10.940874783811626,13579.3175,16093.470105362352,0.8191850934065908
2024,M016,Seasonal Naive,12.43325946576643,12.457927463939853,15591.86,18840.00450668869,0.9405936116069521
2024,M016,SMA(3),10.852786820079347,11.214369077346287,13909.430833333337,16700.644489419916,0.839099490562518
2024,M016,"WMA(1,2,3)",10.811915235482228,11.099006821509356,13770.630833333335,16418.99649765453,0.8307262500837651
2024,M016,SES,10.568437689890107,10.22247990841761,12695.460833333333,15725.839228170073,0.7658656091216574
2024,M016,Holt,10.574628727720958,10.486343723115086,13022.339068848805,15574.47497181742,0.7855848459605724
2024,M016,Holt-Winters,9.74362751206855,10.160745595118163,12559.699974368143,15827.119247195013,0.75767570768277
2024,M016,SARIMA,13.851669785760226,15.202834699040366,18321.67170088757,22565.242578474405,1.1052720686188005
2024,M016,Driver Scenario Regression,12.340802485399909,12.021983574913163,15283.220919652851,17230.032470451184,0.9219746689492594
2024,M017,Naive,16.004962955611333,17.454144618670668,3118.718333333333,3327.2609512455333,1.1977692621175684
2024,M017,Seasonal Naive,14.854492903823893,13.107855712140998,2573.5591666666674,3992.2456301069874,0.9883964291124631
2024,M017,SMA(3),7.382876856116195,7.154752713030817,1330.0561111111112,1707.5182345813407,0.5108189187055533
2024,M017,"WMA(1,2,3)",8.53832824656882,8.653084402203023,1605.9622222222226,1931.532784022259,0.6167829153855838
2024,M017,SES,7.372536252954603,6.956434043782108,1292.8733333333332,1751.5213289666074,0.49653856904192417
2024,M017,Holt,7.842118465098859,7.258561538174958,1353.4476845459303,1907.590317099582,0.5198026436393938
2024,M017,Holt-Winters,9.039066494014419,8.732124494960399,1618.3638153853333,2213.6684081396593,0.6215458485858337
2024,M017,SARIMA,12.008768507746824,11.04159371002551,2109.366302671316,3068.021100960888,0.8101193663058018
2024,M017,Driver Scenario Regression,12.819479345401005,11.071518177850566,2207.4154087349984,3608.4849111141857,0.8477759267479441
2024,M018,Naive,11.294420170267024,10.429337197273263,10819.43083333334,12746.571724751137,0.8365946461225975
2024,M018,Seasonal Naive,16.56578529231841,14.609768886204419,15926.228333333333,20575.922594590178,1.2314693408403425
2024,M018,SMA(3),15.124221560064226,13.796096989381265,14652.007499999998,16127.50231613678,1.132942316307748
2024,M018,"WMA(1,2,3)",13.320558589753853,12.225544428953745,12847.037500000013,14507.287124178234,0.9933759877574809
2024,M018,SES,11.116226204079501,10.269718009492184,10641.107738362807,12595.561959531055,0.8228061068888385
2024,M018,Holt,14.65250200145936,13.400663657110465,14199.917784490564,15647.614555859182,1.0979852246281152
2024,M018,Holt-Winters,14.950033237760016,13.566478866772844,14409.780525233151,16732.56242562492,1.114212514957007
2024,M018,SARIMA,27.117346220877657,23.526017901038635,26619.710700891446,27837.284759523594,2.0583252295571177
2024,M018,Driver Scenario Regression,14.608821172058953,13.298849774999045,14063.67101249677,17701.27525765698,1.0874501676775845
2024,M019,Naive,8.994208518657604,8.240377087219587,6976.7050000000045,9590.00348954751,0.6889332948583196
2024,M019,Seasonal Naive,13.094230889425477,11.937409515380836,10713.6825,15632.950504443865,1.0579510793119264
2024,M019,SMA(3),10.946515686678492,9.97619530092535,8585.593888888898,10971.874332967107,0.8478073082046149
2024,M019,"WMA(1,2,3)",12.075675277729621,10.962869317230002,9516.130000000003,11841.391912715893,0.9396955719354765
2024,M019,SES,7.744762594195957,7.128561529017332,5964.372978197859,8691.880631314172,0.5889678763304134
2024,M019,Holt,6.9584561146795645,6.618846978897533,5496.719710277979,7313.790857546183,0.5427882103248559
2024,M019,Holt-Winters,7.331954439886834,7.174753788845464,6072.6589011512,7823.202304476139,0.599660857857799
2024,M019,SARIMA,15.135768123578588,13.274405999677356,12174.168617563215,16905.49933024981,1.202170666218304
2024,M019,Driver Scenario Regression,11.797476843154021,10.951451218622314,9698.244203722827,13695.05642433211,0.957678923447582
2024,M020,Naive,7.6013332237277895,7.709201398551044,3561.7916666666665,4554.001637305737,0.7076934539824988
2024,M020,Seasonal Naive,10.271285723344718,11.123683053545173,4965.3324999999995,6168.493075379783,0.9865634029025343
2024,M020,SMA(3),7.299241689136547,7.285927219044468,3369.115555555556,4356.63663591856,0.6694105797065457
2024,M020,"WMA(1,2,3)",7.355497510146964,7.386185669943536,3415.0391666666656,4415.682087583788,0.6785351557649162
2024,M020,SES,7.819220956353175,7.991899843227144,3689.1836483633547,4697.832243290876,0.7330050050146164
2024,M020,Holt,6.758568284220108,6.635493675259621,3074.841310629518,3598.281781992591,0.6109411417664267
2024,M020,Holt-Winters,5.457967699252686,5.44489794484111,2525.445091448601,3522.913159820643,0.5017814422826737
2024,M020,SARIMA,5.654325604049927,5.572616579710251,2589.4331880682544,3327.537758882266,0.5144952563819997
2024,M020,Driver Scenario Regression,10.58240163392332,11.299612791739268,5059.40351174556,5874.716245047041,1.0052544004263022
2024,M021,Naive,7.176428870396425,7.34453321936725,13918.831666666672,16996.769614290442,0.6466308777088848
2024,M021,Seasonal Naive,11.93055637880563,12.84744305411871,23112.867499999993,27734.906134365974,1.073760654328924
2024,M021,SMA(3),10.979494719197104,11.801673518840209,21835.009444444448,25505.13425694216,1.0143948615785088
2024,M021,"WMA(1,2,3)",9.755209255237729,10.36031281000367,19333.030555555564,22645.423850564228,0.8981597605530526
2024,M021,SES,9.711294642898997,10.309142917036313,19243.285609446415,22547.71465743774,0.8939904556385121
2024,M021,Holt,7.9415955064677926,7.669669873421918,14638.948167159899,18273.770961787835,0.6800855221731713
2024,M021,Holt-Winters,8.945387736279669,8.903534792316785,16828.681978226126,22477.56071366717,0.781814570279238
2024,M021,SARIMA,11.438954926050538,11.665382755072645,21894.31507876533,24847.822492136034,1.0171500392609742
2024,M021,Driver Scenario Regression,11.536968468623957,12.26986319528511,22266.52993135685,25526.180989723234,1.034442124012882
2024,M022,Naive,7.041503350170484,7.0068466022652665,7210.200000000001,8856.342307730658,0.5366348790922133
2024,M022,Seasonal Naive,11.462257198369457,11.189613846965374,11611.538333333336,14696.834589381258,0.8642140952515789
2024,M022,SMA(3),8.091538328408314,7.854188378139745,8094.706111111112,9413.93070116658,0.6024661778068724
2024,M022,"WMA(1,2,3)",8.381225427159354,8.094426881737068,8349.819999999998,9646.806309668846,0.6214535860505593
2024,M022,SES,8.663935192620475,8.33529854892846,8606.882114448365,9863.274921959253,0.6405859952356289
2024,M022,Holt,10.890898852633397,10.213422679775901,10657.769982131927,12084.248915709557,0.7932278030781375
2024,M022,Holt-Winters,9.838780403197028,9.544064957652767,9905.796495679324,11369.310574640982,0.7372605343500797
2024,M022,SARIMA,8.895228021306085,8.472212957435099,8913.066398351339,10707.452260825872,0.663374429144842
2024,M022,Driver Scenario Regression,11.055944878500803,10.64959653408444,11194.258151304717,12777.257309074284,0.8331571065369102
2024,M023,Naive,8.878259591845696,9.21250113365875,15606.230833333328,17764.15252999398,0.8158635315995841
2024,M023,Seasonal Naive,6.39581704072467,6.457687886559514,11413.351666666667,14783.786909672366,0.5966679269068441
2024,M023,SMA(3),8.221938701567238,8.267085798740487,14043.211944444442,15825.176459369784,0.7341519303638762
2024,M023,"WMA(1,2,3)",8.295183738550946,8.411813373468046,14285.97361111111,16152.960319669219,0.7468430402685581
2024,M023,SES,8.0390394963135,7.909780068655922,13437.015023426005,15581.683267260949,0.7024611290353109
2024,M023,Holt,8.887719472889515,8.29461910742968,14145.036409294036,17986.700990086472,0.7394751162364053
2024,M023,Holt-Winters,8.97970830112962,8.608432536795245,14784.906980754591,16293.123744327884,0.7729263108120623
2024,M023,SARIMA,8.529051398950168,8.441293485153318,14508.981939683013,16752.546519984135,0.758501483903531
2024,M023,Driver Scenario Regression,8.597841739305435,9.170380860531251,15481.010789223845,19835.345654218578,0.8093172701412434
2024,M024,Naive,6.081055484527486,6.038562623880886,6604.261666666666,7643.345868101003,0.5691268936272972
2024,M024,Seasonal Naive,12.251946383533257,11.462754482156887,13291.778333333335,18314.55977245381,1.14542834542937
2024,M024,SMA(3),7.003511642144468,6.804826364397283,7457.864999999992,8486.39469509644,0.6426867611809857
2024,M024,"WMA(1,2,3)",5.969271082615114,5.956501543184329,6514.370833333333,7574.262174109216,0.5613804878483163
2024,M024,SES,7.367222382755827,7.1221835612779465,7816.456348921195,8838.300572064265,0.673588622856638
2024,M024,Holt,10.027563943045099,9.47684994667219,10548.111321368122,11533.845819243475,0.9089909111664762
2024,M024,Holt-Winters,10.73655812316291,10.401122096778504,11576.416689131898,12974.444025027546,0.9976058493978769
2024,M024,SARIMA,13.954129208873548,12.813928593550456,14899.586462553647,18835.31646890057,1.2839823416694554
2024,M024,Driver Scenario Regression,10.721539118639667,10.42428371891463,11688.620931006204,15697.196775272752,1.0072751288499675
2024,M025,Naive,6.862784226018372,6.541748228445608,11622.479166666672,16673.39084695707,0.5327469604777597
2024,M025,Seasonal Naive,10.80675712524996,10.252313081289051,18508.500833333335,24130.5524364613,0.8483859098012361
2024,M025,SMA(3),6.731369928518255,6.512140167828952,11564.994166666671,16247.60312412034,0.5301119840167223
2024,M025,"WMA(1,2,3)",6.69683062505835,6.512547250305184,11564.994166666671,16202.71685142161,0.5301119840167223
2024,M025,SES,6.796263361356064,6.5111521864881725,11564.994166666671,16474.462319460552,0.5301119840167223
2024,M025,Holt,9.703721732573893,8.909627268769139,16131.121251105411,21386.087951502228,0.7394124517144055
2024,M025,Holt-Winters,9.646789579206832,8.939809375630253,16215.723125651808,21113.505572222155,0.7432904015794032
2024,M025,SARIMA,24.50609066954419,21.26658412330809,42092.83041418512,45584.58750626919,1.9294358062071162
2024,M025,Driver Scenario Regression,11.782232259529515,11.65248712088319,20719.83323127017,27153.089804458385,0.9497481576240231
2024,M026,Naive,9.328145019213501,9.57391310361213,20088.573333333337,24659.28458095855,0.7814153770418135
2024,M026,Seasonal Naive,14.322449953827372,16.130595825344344,30778.436666666665,40396.289210407274,1.1972350297635657
2024,M026,SMA(3),13.711194830775916,12.559853478900148,26629.214999999997,31118.617866493783,1.0358365292683391
2024,M026,"WMA(1,2,3)",12.747757176488989,11.879403086071537,25067.373888888895,28330.95140759406,0.9750832522452676
2024,M026,SES,10.050974381234951,10.03327291457753,21026.478730211482,23829.45275446286,0.8178984904600761
2024,M026,Holt,8.923239041035863,9.117893811242066,19126.468167699375,22675.63564102089,0.7439909289098868
2024,M026,Holt-Winters,9.696048281741765,9.650185245160266,20507.617635638253,24581.648614355647,0.7977155719859452
2024,M026,SARIMA,11.18603717202431,10.828249443696587,23349.76875378432,28595.36290364695,0.9082709882787856
2024,M026,Driver Scenario Regression,12.770956205044884,13.76802469741574,27696.368924727896,35024.887878583235,1.077347216593716
2024,M027,Naive,7.463097259828381,7.32640591446134,5801.1658333333335,6628.498175902418,0.4133109366991299
2024,M027,Seasonal Naive,11.376744048121136,10.50826154329724,8716.36916666667,10967.018959101497,0.6210080539656609
2024,M027,SMA(3),8.323770695099416,7.92259904300394,6291.298055555556,7482.804963498165,0.4482309878910974
2024,M027,"WMA(1,2,3)",7.698820727895736,7.487698556540558,5931.786388888889,6777.421024536996,0.42261715302182484
2024,M027,SES,7.995718833838566,7.688149218621152,6096.305415609484,7084.914791663562,0.43433850610709723
2024,M027,Holt,6.4431518090391044,6.701434321982454,5303.09370400554,6395.49883958027,0.3778251974131845
2024,M027,Holt-Winters,9.754094497610437,10.490038956923618,8027.823254163687,9801.25209947969,0.5719517842031667
2024,M027,SARIMA,10.861575376960104,11.562422973904903,8767.915192262972,10597.221759338301,0.624680511663717
2024,M027,Driver Scenario Regression,10.941327022899234,10.349364910791452,8251.45834313447,10195.042578896857,0.5878849312216854
2024,M028,Naive,9.081688338085604,9.018548372347448,25344.684999999994,33978.330522602926,0.7908706276999287
2024,M028,Seasonal Naive,13.77409595311852,15.399370612083338,40247.425833333335,52491.87477456638,1.255904617954994
2024,M028,SMA(3),9.649010088595666,10.277013809004904,28663.01500000001,39189.41282997468,0.8944177710167825
2024,M028,"WMA(1,2,3)",8.977124343836952,9.387843990496304,26327.936111111103,36447.3002358253,0.8215525802841133
2024,M028,SES,9.837119423423111,10.50890356796765,29263.394351420542,39803.20112283822,0.9131523654501335
2024,M028,Holt,8.616926022530206,8.622112991166063,24339.48374417351,33844.80371610631,0.7595037297424181
2024,M028,Holt-Winters,8.918045416361881,9.434764762640206,26287.733504912485,36892.52777747721,0.820298074244702
2024,M028,SARIMA,9.194039340127919,8.968751156253685,25341.011981852924,34408.595834486194,0.790756012656675
2024,M028,Driver Scenario Regression,9.226562891262507,9.876260185479241,27412.095673750107,39034.76751210733,0.8553833402178505
2024,M029,Naive,7.965408040160367,7.6715554622762765,5972.699999999998,7184.075766959633,0.8022056128784069
2024,M029,Seasonal Naive,8.024868127428226,8.01926773758348,6196.4875,7732.198414869367,0.8322629719609036
2024,M029,SMA(3),6.9760284368208385,6.853707386750043,5319.194444444444,6398.79574781198,0.7144319385411914
2024,M029,"WMA(1,2,3)",7.24753109703468,7.050807845177574,5475.546666666665,6701.326593947648,0.7354319268635041
2024,M029,SES,6.816361852719989,6.741043791176161,5230.745518315379,6252.6034046863815,0.7025521814809332
2024,M029,Holt,6.101882744603417,6.279639025280604,4876.57912778359,6497.772457014361,0.6549833656392724
2024,M029,Holt-Winters,5.562219271233327,5.602463024961185,4396.822446496896,5507.738243889726,0.5905462597166407
2024,M029,SARIMA,9.578876014833455,10.015738066460067,7476.587862399049,8550.484650195118,1.0041958826653086
2024,M029,Driver Scenario Regression,7.230757732405886,7.353502924768922,5619.109041585583,6446.17537427333,0.7547140845071344
2024,M030,Naive,8.882023869733308,8.938048690578173,6416.943333333335,8684.018871152533,0.853773180282179
2024,M030,Seasonal Naive,12.120117548232018,11.10043939122478,8188.662499999999,11999.051936175,1.0895001033538423
2024,M030,SMA(3),8.25097676567303,8.508188269070038,6119.886666666668,8761.691749489173,0.8142498431028432
2024,M030,"WMA(1,2,3)",8.105551516007182,8.441388862268333,6075.346666666667,8881.827920692747,0.8083238039476844
2024,M030,SES,9.645665245728587,9.569089687298066,6863.848150463033,8792.386850859282,0.9132337874878288
2024,M030,Holt,9.596483867070091,9.52353066990111,6831.533545292346,8801.234704537716,0.9089343349614485
2024,M030,Holt-Winters,11.294377455856573,10.876161625119114,7929.469292435074,10073.378207070504,1.0550144927390928
2024,M030,SARIMA,17.993149273619757,15.704547013641088,11794.503434276596,15378.079210279253,1.569256604561685
2024,M030,Driver Scenario Regression,10.2833167308164,9.87114859231742,7152.951644287473,9993.143437380575,0.9516989564213005
2024,M031,Naive,16.15506814581272,14.84844933288959,3654.9025000000015,4167.9861278170065,1.6219571620786213
2024,M031,Seasonal Naive,16.279491312099395,16.04021135552463,3873.6508333333345,4700.989576815185,1.7190323715931735
2024,M031,SMA(3),11.648814118168982,11.246625293657676,2728.052500000001,3398.685658587989,1.2106435919703706
2024,M031,"WMA(1,2,3)",13.139523323219718,12.436006673184037,3026.7716666666674,3613.106927459847,1.343207919425113
2024,M031,SES,9.647496962084306,9.738006678156314,2361.636862387651,3265.0322320312594,1.0480372111646021
2024,M031,Holt,11.308642352321181,10.994697431966184,2666.532672329211,3436.247095808156,1.18334258322924
2024,M031,Holt-Winters,11.968732788401555,12.096969876202492,2914.098712736726,3714.7461591316915,1.293206392818255
2024,M031,SARIMA,14.495178576089133,13.497655634660969,3308.39093951705,4083.325984485803,1.4681837283773493
2024,M031,Driver Scenario Regression,12.744532754089292,13.175015710961516,3106.8225835743647,4030.034167647972,1.3787325765149807
2024,M032,Naive,19.194661886323384,17.32169769668068,5084.091666666666,5469.161584607827,1.9349578987419465
2024,M032,Seasonal Naive,9.228874829344578,9.732944244935517,2795.035833333333,4257.271345518746,1.0637645852127198
2024,M032,SMA(3),8.8233988468116,9.107980580135589,2603.002777777777,3348.091900154972,0.9906785942375818
2024,M032,"WMA(1,2,3)",10.76247464045162,10.609783631975933,3022.4616666666657,3431.935087859811,1.1503207375086169
2024,M032,SES,8.527694652626012,8.872039111916845,2539.036349472243,3376.5866947193404,0.9663335678652989
2024,M032,Holt,9.541657466320203,9.683170047981985,2762.0065136723156,3365.25754247145,1.0511939340210468
2024,M032,Holt-Winters,9.601571753604686,10.24453561877072,2893.888908497663,3903.15919566589,1.101387144195721
2024,M032,SARIMA,11.63140324478964,12.541443865409496,3447.482883143566,4480.3977290770745,1.3120798508123481
2024,M032,Driver Scenario Regression,10.084590761649142,10.373625549633578,2962.073762630011,3813.574726587472,1.1273376641171007
2024,M033,Naive,15.53741409629302,14.523725266663186,3923.0325000000007,4311.350770774554,1.4962132540715982
2024,M033,Seasonal Naive,15.133997758846338,14.872386953301675,4036.345,4447.050090515059,1.5394297363087417
2024,M033,SMA(3),11.19070413460655,11.244509470478665,3017.7624999999994,3695.7976719343005,1.1509505083478762
2024,M033,"WMA(1,2,3)",12.269545755755244,12.042571932169958,3230.1752777777765,3755.3728048131984,1.2319630448092171
2024,M033,SES,11.923218908576677,11.788817348664935,3161.9870968751043,3724.4884431013493,1.2059566173739078
2024,M033,Holt,10.473804869785619,10.721736178829321,2882.149289042301,3721.701811580049,1.099228713113675
2024,M033,Holt-Winters,12.393116363941125,12.359120956118826,3335.031387302723,4251.0642698156635,1.2719543272779725
2024,M033,SARIMA,14.201508304307431,14.119396144986332,3820.3221937624608,4295.324458825553,1.457040363833661
2024,M033,Driver Scenario Regression,16.80711021820789,16.377001097495516,4453.110483594232,4995.302417759738,1.6983807621779512
2024,M034,Naive,6.383851745934012,6.311832242337115,4190.365833333332,5284.341978516183,0.6397267429759603
2024,M034,Seasonal Naive,13.91451031258659,13.991517426390383,9314.915833333334,11462.974429223203,1.4220717245618861
2024,M034,SMA(3),8.781448983340933,8.283638633343525,5563.877499999998,6677.736491660799,0.8494153906750531
2024,M034,"WMA(1,2,3)",9.694274426724816,9.054449499948152,6116.224166666671,7378.975126503571,0.9337399933742924
2024,M034,SES,6.543006725570451,6.510457527017813,4322.509888415011,5291.769583825143,0.6599006584104015
2024,M034,Holt,7.371686800501341,7.364627528384409,4888.437579291806,6064.9650104914,0.7462986228946922
2024,M034,Holt-Winters,13.82711731267495,14.493321492418113,9369.011522676363,10406.18624519391,1.4303303016238622
2024,M034,SARIMA,10.299870035955614,9.717099080537212,6578.451688763106,8527.408760940438,1.0043064591640773
2024,M034,Driver Scenario Regression,14.483602268519725,14.91213007878765,9762.033465650315,11622.203416747814,1.4903314226469415
2024,M035,Naive,27.47533556127139,23.344161191627595,41103.185,45490.88712775358,1.8497536165593873
2024,M035,Seasonal Naive,15.222916781526699,16.815571855198016,25429.141666666674,29995.78306123074,1.144379608634165
2024,M035,SMA(3),11.604440084435383,11.361243852970262,18247.15611111111,19586.679468211583,0.821170987320119
2024,M035,"WMA(1,2,3)",13.301445526658506,12.31759621333079,19872.255,22719.323375739354,0.8943047979235762
2024,M035,SES,11.939458161656036,11.556112388718716,18567.97859729934,19868.0084919289,0.8356088600567513
2024,M035,Holt,10.195802548138232,10.067481960481363,16172.77124616215,17204.501013783454,0.7278181022316423
2024,M035,Holt-Winters,11.905603538230968,11.705308189041352,19444.1166808397,21660.37336464478,0.8750374247442368
2024,M035,SARIMA,12.776010873927,12.339764198009513,20616.286444854828,22874.77605088936,0.9277882093904521
2024,M035,Driver Scenario Regression,13.43103710276033,12.488168873525174,20920.335788295328,24256.184732118032,0.9414712456963145
2024,M036,Naive,7.723368862541191,8.105110336541339,20746.935,30636.843830813687,0.847862417757257
2024,M036,Seasonal Naive,13.99350974930487,15.718940778074462,37154.770833333336,48860.46385817568,1.5183994083929417
2024,M036,SMA(3),8.834151472370234,9.522977499137463,24104.01833333334,34664.14355514644,0.9850559256953016
2024,M036,"WMA(1,2,3)",8.435370878978276,9.044506491247807,22984.58833333333,33499.08050393523,0.9393083188169837
2024,M036,SES,10.028251116970957,10.929843377700816,27338.917369800427,37897.957407102665,1.1172561431375216
2024,M036,Holt,6.304806422168623,6.746375443389114,17504.759571373586,28985.451129597113,0.7153648368997297
2024,M036,Holt-Winters,8.314071908351456,8.998543132748942,22830.591331057494,34946.56322853514,0.9330149424374385
2024,M036,SARIMA,9.310962196766488,9.74273830454174,25102.962554582027,35996.39323739607,1.025879655206796
2024,M036,Driver Scenario Regression,17.847900972386572,20.400897664413773,47026.25308423276,57763.63631337184,1.9218160483976188
2024,M037,Naive,11.524856269455631,10.819743137128885,3212.429999999999,3454.500889248209,0.8959432062667342
2024,M037,Seasonal Naive,14.622795575175312,13.343335040114576,4104.087500000001,4952.240894235828,1.1446255057850996
2024,M037,SMA(3),8.969449409166595,8.55105200778129,2506.2938888888875,2794.8881037559736,0.6990026187832366
2024,M037,"WMA(1,2,3)",8.988790198828642,8.568470720505463,2511.6383333333356,2799.5008888460834,0.7004931784814318
2024,M037,SES,12.118119701110246,11.337164919759317,3376.366607905027,3618.836582369368,0.9416649465415179
2024,M037,Holt,12.979147444291339,12.07913854366615,3613.4564067578754,3866.6240045674194,1.007789031597801
2024,M037,Holt-Winters,8.60138027216857,8.145915657780465,2400.9081885110118,2794.313553780392,0.6696106624476217
2024,M037,SARIMA,17.399793826233278,15.686733098190059,4839.186668887024,5409.7980679023,1.3496438583395993
2024,M037,Driver Scenario Regression,17.461968558118105,15.838880661401856,4897.152387017766,5386.750442219521,1.3658104335974603
2024,M038,Naive,8.646990439564185,9.253453560520073,7725.9883333333355,10781.376242123886,0.77761685973058
2024,M038,Seasonal Naive,18.927896516140112,20.64240692228593,15973.881666666668,18344.64849630449,1.6077631965542982
2024,M038,SMA(3),11.177607865458732,12.336802579694476,10038.231666666663,13630.00275521493,1.0103429942035111
2024,M038,"WMA(1,2,3)",9.537285385141036,10.41486992163639,8614.469166666666,12162.760747275881,0.867042011017262
2024,M038,SES,10.290468563792281,11.299023580302052,9274.433960800716,12855.213545409819,0.9334671373060356
2024,M038,Holt,7.810386684647293,8.298562278421581,6960.847171592399,9810.712371215242,0.7006057846715408
2024,M038,Holt-Winters,10.53808055738488,10.85644351193621,8986.93157632727,11357.697780016688,0.9045301661725523
2024,M038,SARIMA,13.500320633912086,14.900376846383162,11326.308519652812,15640.410705422224,1.1399872849137702
2024,M038,Driver Scenario Regression,17.513026860462233,18.681261851605623,14634.019510736674,16359.805222897576,1.4729067410156702
2024,M039,Naive,10.768459654325662,10.153755234275536,2939.2608333333333,3405.0589670799623,0.8374895683216362
2024,M039,Seasonal Naive,12.825652835817122,11.711173143426745,3439.795833333333,4175.701219740424,0.9801080240659926
2024,M039,SMA(3),15.331258835011132,13.921202632524784,4131.059166666669,4699.49933678667,1.177071091808901
2024,M039,"WMA(1,2,3)",13.572359271392404,12.487694865605066,3668.893611111111,4167.804612893739,1.0453853199216878
2024,M039,SES,14.30539783845969,13.089279124324968,3861.505618982268,4383.910777694486,1.1002666511380947
2024,M039,Holt,11.857756823365156,11.003670917738562,3203.400619796732,3744.834488977444,0.9127514549950037
2024,M039,Holt-Winters,8.310150973926891,8.330714388663496,2415.2836186326053,3030.9318985741643,0.6881916746561645
2024,M039,SARIMA,12.843749485295428,11.789163780208236,3454.7564654721623,4066.8411461050364,0.9843707874144082
2024,M039,Driver Scenario Regression,16.530415480044038,14.879691266993694,4491.189468058839,5209.911550482374,1.2796837511659909
2024,M040,Naive,7.5000976083072,7.841580070245286,4529.678333333333,5132.068438677203,0.6988168680521805
2024,M040,Seasonal Naive,7.369429637735965,7.6582349925069195,4426.843333333337,5678.878330113559,0.6829519815552048
2024,M040,SMA(3),10.524276789119368,11.29225267066107,6384.3550000000005,7314.048692706995,0.9849474150960563
2024,M040,"WMA(1,2,3)",8.894173912522575,9.460418393248643,5411.366666666668,6333.45337271658,0.834839480334395
2024,M040,SES,7.554926211994513,7.905889407423802,4565.198693632159,5183.357770583062,0.7042967774650514
2024,M040,Holt,7.200634395406169,6.791511137110613,4023.906278868721,5178.978060452167,0.6207888013684291
2024,M040,Holt-Winters,5.564543127357972,5.3600165380798375,3141.328130175389,4191.272785539469,0.48462891267556035
2024,M040,SARIMA,5.028727980888289,4.88123218207383,2837.154936559533,3832.6139440904776,0.437702543325258
2024,M040,Driver Scenario Regression,11.234387567470117,12.110806159893842,6771.341258211993,7738.935644078637,1.0446497835739366
2024,M041,Naive,18.970436563520476,21.37731295232671,9454.884166666663,10565.45681769329,2.2010615250081043
2024,M041,Seasonal Naive,8.766774000758394,9.068533094000685,4252.005833333334,5598.513654245652,0.9898509890639442
2024,M041,SMA(3),7.949206854061064,8.046309257929089,3866.7058333333334,4783.288576411107,0.9001545961059529
2024,M041,"WMA(1,2,3)",8.476381336155002,8.896050816309446,4258.766388888889,5425.490249498965,0.9914248210071714
2024,M041,SES,7.86701044165961,8.045417460050071,3866.7058333333334,4888.715970344828,0.9001545961059529
2024,M041,Holt,7.973687408156725,8.038609609085297,3862.8831039233974,4730.505125640402,0.8992646790560549
2024,M041,Holt-Winters,7.958223858810366,8.402543450544659,4012.077460214204,5354.670297309164,0.9339965648826181
2024,M041,SARIMA,9.068291610837829,8.905665828589521,4397.927119632329,5108.370192134165,1.0238209164888346
2024,M041,Driver Scenario Regression,7.322171195298603,7.623025168856418,3691.740744904168,5143.723664100438,0.8594233806227655
2024,M042,Naive,16.616017282655026,15.073161699956591,30296.680000000008,33746.64309268678,1.1961763566417523
2024,M042,Seasonal Naive,12.260806180182405,13.453917127872941,24851.0575,32497.02366464107,0.9811717791865209
2024,M042,SMA(3),8.642305040453317,8.84973352492689,17395.643333333337,21498.646903756136,0.6868164189576565
2024,M042,"WMA(1,2,3)",10.226240959965976,10.085858067847564,19787.63333333334,21783.837207615274,0.7812571921157553
2024,M042,SES,8.20146592150218,8.49624892115712,16729.907585346537,21842.09373419717,0.6605317778183296
2024,M042,Holt,7.64296210387823,7.820420881377556,15465.129777170987,19641.600239485335,0.6105957019662966
2024,M042,Holt-Winters,8.921983551590547,9.090554933311756,17688.05666519082,22606.87652958613,0.698361509506679
2024,M042,SARIMA,12.889739387982594,12.134433204236176,24303.110704710038,27142.825818098347,0.9595376925069419
2024,M042,Driver Scenario Regression,12.26608186947137,13.253465098985204,24536.425475386623,30868.512801492845,0.9687494481296247
2024,M043,Naive,26.710787267838782,23.090640946112227,18495.504166666666,19701.222905520146,2.6837683478744823
2024,M043,Seasonal Naive,10.246275696958177,10.773605916341337,7675.524999999998,9657.593458829859,1.1137480147983323
2024,M043,SMA(3),10.737773110882497,10.096954834530306,7364.741944444449,8336.121894659049,1.0686522055660057
2024,M043,"WMA(1,2,3)",13.384150440432904,12.159300889096201,9012.388055555552,10936.300632037955,1.3077319539011598
2024,M043,SES,8.903735157678426,8.759678766434076,6349.614096910268,6869.468301137535,0.9213532748794797
2024,M043,Holt,8.998111327735398,8.80637391235521,6387.801239520647,6984.026964602772,0.9268943752306779
2024,M043,Holt-Winters,7.768290953918176,7.755643863422685,5603.8258156139855,6486.817177943831,0.8131365447204879
2024,M043,SARIMA,15.001858609872393,13.63393087082583,10358.345379473067,11892.772716943877,1.50303550610331
2024,M043,Driver Scenario Regression,10.50609507937571,11.360123373181809,7874.247284276662,9852.474165584368,1.142583377800775
2024,M044,Naive,4.597024394037119,4.703552565804631,3731.602499999996,4403.6616903843,0.2963716222535098
2024,M044,Seasonal Naive,5.926658130988477,5.9492726836320315,4764.6875,5787.869196877064,0.3784213789936151
2024,M044,SMA(3),3.2578786553851504,3.2170852458832444,2563.6525000000015,3378.974411937001,0.20361060705669143
2024,M044,"WMA(1,2,3)",3.2623139578142677,3.217058619126035,2563.6525000000015,3390.080937905056,0.20361060705669143
2024,M044,SES,3.3397979858844935,3.331757513026281,2655.3093393097274,3404.959936965257,0.2108901836345431
2024,M044,Holt,4.972874034327656,4.7803535735267975,3861.198758698083,4956.717821094891,0.30666442633120505
2024,M044,Holt-Winters,6.000145636360058,6.1437096895795715,4861.361638659039,6217.166496149065,0.38609943990828655
2024,M044,SARIMA,8.782994851737934,8.035257245453405,6889.539391375849,10221.76204612166,0.5471815301875056
2024,M044,Driver Scenario Regression,7.31018032168084,7.3658004027857755,5851.96230096337,6898.706414543651,0.46477500229536717
2024,M045,Naive,16.164053447955563,18.140129484520852,12828.095833333335,15890.058418800996,1.480705266351368
2024,M045,Seasonal Naive,14.256650643590667,15.976552979804055,11211.60583333333,14406.622804698482,1.2941190974372887
2024,M045,SMA(3),10.447772288109396,11.325861814573761,8417.361944444447,11995.241813484376,0.9715886380843987
2024,M045,"WMA(1,2,3)",11.539033972457043,12.621522586282952,9285.487499999996,12767.341750752514,1.0717935397834604
2024,M045,SES,11.764307369434352,12.891889636899936,9464.698037406262,12937.317139636672,1.0924792276650237
2024,M045,Holt,10.313242137085616,10.25681047718971,7725.075600915464,9406.183698566416,0.891680283173073
2024,M045,Holt-Winters,10.72363722902578,11.793717188531776,8685.932997442895,12430.841071077508,1.002588918853349
2024,M045,SARIMA,10.377305205701033,10.93897421606782,8148.713611839613,11124.879158417185,0.9405794371825118
2024,M045,Driver Scenario Regression,19.7008468159601,22.608949612216247,15353.64737722913,18299.39978512084,1.7722214445959308
2024,M046,Naive,7.05670517333628,7.419022799522685,16033.994166666664,20630.424121950928,0.8590258690961033
2024,M046,Seasonal Naive,11.192013566929786,12.347310331040932,25096.44,33077.95075735471,1.3445490224161685
2024,M046,SMA(3),6.601317853793686,6.814465025989993,14779.825833333334,18489.642162337575,0.7918334383557815
2024,M046,"WMA(1,2,3)",6.856001501329896,7.166771575098556,15513.637499999995,19817.233550977573,0.8311476103679967
2024,M046,SES,8.264015585209544,8.874034493166027,18970.585701660817,25011.633284399053,1.0163546088540922
2024,M046,Holt,8.247810339357118,8.41848045026906,18176.729983542107,21537.881848292396,0.9738235594408688
2024,M046,Holt-Winters,10.13111992691831,10.668494910708203,22577.58986851548,28109.948718352345,1.209600899020964
2024,M046,SARIMA,8.321470416350682,8.346435056399116,18165.26138205506,22076.91936372344,0.9732091258033534
2024,M046,Driver Scenario Regression,10.332788010075248,11.332754787355764,23165.401384330034,30959.868626126587,1.2410930707773336
2024,M047,Naive,19.762759488943523,17.63012022194831,9980.454166666668,10957.92267673828,2.0837321442697307
2024,M047,Seasonal Naive,10.953380109823087,11.852415611743632,6064.328333333334,7795.550974188204,1.266118321927302
2024,M047,SMA(3),7.922520483140976,7.955208657167032,4312.69416666667,5327.130203525525,0.9004098724787055
2024,M047,"WMA(1,2,3)",9.773466742984601,9.526906894384178,5168.3125000000055,5747.709836544324,1.0790469760233252
2024,M047,SES,6.821234714166047,7.319601222337213,3969.5076382692273,6151.72431642268,0.828758944699241
2024,M047,Holt,6.833905943518068,7.255942156756179,3938.1395357549713,5951.313068602773,0.8222098716388181
2024,M047,Holt-Winters,6.477272824165061,6.910225479425872,3700.063153373958,5620.301038187736,0.7725039762482423
2024,M047,SARIMA,8.990958778629961,8.662188276424159,4771.403371906238,5318.318632042751,0.9961797743156819
2024,M047,Driver Scenario Regression,13.123977454196964,14.444355808817278,7151.917541656359,8656.168068197945,1.4931866051235214
2024,M048,Naive,8.534822351430536,8.724729603543874,6078.321666666666,7154.971047068137,0.8134025897788973
2024,M048,Seasonal Naive,10.189591710813607,10.507476921800402,7234.710000000002,8665.47202596893,0.9681507779640853
2024,M048,SMA(3),8.505654835977419,8.66542888509563,6037.888888888886,7096.072036524851,0.8079918649176651
2024,M048,"WMA(1,2,3)",8.45872206371938,8.57033783278606,5972.829444444445,7017.884392897352,0.7992855931040336
2024,M048,SES,8.531488911484248,8.717944418705185,6073.700764457819,7147.84756038496,0.8127842194408478
2024,M048,Holt,8.37896739523613,8.324306388443683,5801.084244931032,6710.4847963920165,0.776302605738886
2024,M048,Holt-Winters,10.055463104241188,10.94063046443976,7370.858071986702,9653.789068408487,0.9863701484450353
2024,M048,SARIMA,9.820103653078617,10.790656519298462,7235.391562806589,10050.535163761902,0.9682419848765156
2024,M048,Driver Scenario Regression,8.944717490670023,9.26269025146908,6442.200253061378,8325.61970593493,0.8620969170570485
2024,M049,Naive,10.831935940623225,10.643277250579018,7557.130000000002,9106.526778414662,1.0229569901610538
2024,M049,Seasonal Naive,13.80667909018897,13.921198354340067,9978.848333333333,13142.364806311178,1.3507684340934074
2024,M049,SMA(3),9.98984012706594,10.231893169920163,7267.1466666666665,9249.071897092945,0.9837039300888388
2024,M049,"WMA(1,2,3)",10.119375496111797,10.233483593072867,7267.1466666666665,9106.762956436245,0.9837039300888388
2024,M049,SES,10.019840251700284,10.329424363732482,7334.405544598084,9357.369466057216,0.9928083042798785
2024,M049,Holt,13.15993514324402,12.617586953957543,9005.886171391248,10238.347200309096,1.2190652022155826
2024,M049,Holt-Winters,11.849847443525013,11.499731911523307,8216.233007648034,10020.98916388016,1.1121752554164788
2024,M049,SARIMA,14.909224369942553,13.601359151871376,10084.50700730076,13726.68830220878,1.3650707259828054
2024,M049,Driver Scenario Regression,13.940742521915839,13.724901203528333,9883.194334974518,12584.350860367013,1.3378204066996742
2024,M050,Naive,7.740785172478725,7.7477452184444875,4342.63,5769.105200329308,0.6702180486336607
2024,M050,Seasonal Naive,9.894681734685744,9.573201717969805,5523.440833333333,7896.770821041872,0.8524580120940876
2024,M050,SMA(3),7.794123124411113,7.747811797956514,4342.63,5798.142089031622,0.6702180486336607
2024,M050,"WMA(1,2,3)",7.779833595314285,7.747811797259678,4342.63,5787.907654248976,0.6702180486336607
2024,M050,SES,7.646825966299923,7.747177881189709,4342.63,5779.283323862597,0.6702180486336607
2024,M050,Holt,9.65494957344539,9.346602551329092,5256.97445325878,6309.467578238212,0.8113330308545986
2024,M050,Holt-Winters,9.9019072364474,9.813977995758389,5481.635590626786,6587.7295110525565,0.8460060168309779
2024,M050,SARIMA,10.853754699340797,10.121615216767026,5758.690794206389,7216.006705590163,0.8887652198731258
2024,M050,Driver Scenario Regression,10.248114742353637,10.464462466207001,5824.782528165098,6858.502122627606,0.8989654609631152
